name	vcName	JobName	uid	submitTime	startTime	endTime	state
SN1SRPUTLAI06_Featurizer_Ip_Infrastructure_Safety	SN1SRPUTLAI06	Featurizer_Ip_Infrastructure_Safety	2ab83ab2-7b39-43a3-8f39-2aaed6691a4a	9/7/13 23:02	9/7/13 23:06	9/8/13 0:39	CompletedSuccess
SN1SRPUTLXI07_INC_PADMANR_MuesMalware	SN1SRPUTLXI07	INC_PADMANR_MuesMalware	a59b69fa-e7f0-4cc1-ace3-0a0a1c4af64f	9/7/13 23:47	9/7/13 23:49	9/8/13 0:17	CompletedFailure
SN1SRPUTLAI08_Report_MHV21stats	SN1SRPUTLAI08	Report_MHV21stats	709f7485-a950-45f3-8396-833ffe44e6f7	9/7/13 23:56	9/7/13 23:57	9/8/13 0:00	CompletedSuccess
SN1SRPUTLXI06_EXP_TelemetryViewV5Errors	SN1SRPUTLXI06	EXP_TelemetryViewV5Errors	afb504dd-d9d5-4931-b52c-285d53272245	9/7/13 23:59	9/8/13 0:00	9/8/13 0:02	CompletedSuccess
SN1SRPUTLAI09_Featurizer_CanonicalUrl_Infrastructure_Age	SN1SRPUTLAI09	Featurizer_CanonicalUrl_Infrastructure_Age	a5fa00e3-9ce6-468a-a475-12f388180d00	9/8/13 0:01	9/8/13 0:03	9/8/13 2:09	CompletedSuccess
SN1SRPUTLAI06_INT_Report_MHV22stats	SN1SRPUTLAI06	INT_Report_MHV22stats	58edb4ea-eda1-4dd2-b487-d3cef7a597a8	9/8/13 0:02	9/8/13 0:03	9/8/13 0:05	CompletedSuccess
SN1SRPUTLAI06_MalwareUrlBlockRelated	SN1SRPUTLAI06	MalwareUrlBlockRelated	520c4eb0-2b49-4fe3-9bd9-555cbd471a4b	9/8/13 0:07	9/8/13 0:07	9/8/13 0:16	CompletedSuccess
SN1SRPUTLAI08_INT_PullTheWebZip	SN1SRPUTLAI08	INT_PullTheWebZip	5fc20029-96d9-43ab-b218-f874096379cf	9/8/13 0:08	9/8/13 0:09	9/8/13 0:35	CompletedSuccess
SN1SRPUTLAI08_INT_Report_UrlBlock	SN1SRPUTLAI08	INT_Report_UrlBlock	93b975bb-bfc9-46fb-ae84-be6ff4f4afff	9/8/13 0:09	9/8/13 0:09	9/8/13 0:11	CompletedSuccess
SN1SRPUTLAI10_ScomDataForFeaturization	SN1SRPUTLAI10	ScomDataForFeaturization	8bd9a198-9100-40d8-b751-af28ce25cedb	9/8/13 0:09	9/8/13 0:10	9/8/13 0:13	CompletedSuccess
SN1SRPUTLXI07_INC_PADMANR_GenerateWindowsStoreMHHourlyStream	SN1SRPUTLXI07	INC_PADMANR_GenerateWindowsStoreMHHourlyStream	b1c34366-bab9-45de-b8de-0d31d2dea527	9/8/13 0:10	9/8/13 0:11	9/8/13 0:14	CompletedSuccess
SN1SRPUTLJI01_WWATelemetryV5Summarization	SN1SRPUTLJI01	WWATelemetryV5Summarization	bce93c60-3e42-4116-8c46-11e54b9ac751	9/8/13 0:14	9/8/13 0:15	9/8/13 0:40	CompletedSuccess
SN1SRPUTLAI09_INT_Report_BPL_Prod	SN1SRPUTLAI09	INT_Report_BPL_Prod	94dfcc31-7047-4932-970e-3bdb606e0476	9/8/13 0:20	9/8/13 0:21	9/8/13 0:23	CompletedSuccess
MWUrlModel_Hourly2		WUrlModel_Hourly2	941dfc2c-a411-4d8c-87f8-85cf7fcbb2c8	9/8/13 0:27	9/8/13 0:36	9/8/13 1:36	CompletedSuccess
CO1SRPUTLDI05_RAPUrlExtractor	CO1SRPUTLDI05	RAPUrlExtractor	3f0261d1-d36f-4625-9422-d24655ff8069	9/8/13 0:27	9/8/13 0:28	9/8/13 0:29	CompletedSuccess
SN1SRPUTLXI06_EXP_UrsViewV5Errors	SN1SRPUTLXI06	EXP_UrsViewV5Errors	4def29d0-3e49-4d06-aa0f-1e1f7e993a41	9/8/13 0:29	9/8/13 0:30	9/8/13 0:32	CompletedSuccess
SN1SRPUTLAI06_INT_MH_RE_retry_VIEW	SN1SRPUTLAI06	INT_MH_RE_retry_VIEW	2ef7b6b7-e796-4747-a2ac-2ff8128aa831	9/8/13 0:31	9/8/13 0:32	9/8/13 0:34	CompletedSuccess
SN1SRPUTLAI06_MalwareUrlBlockRelated	SN1SRPUTLAI06	MalwareUrlBlockRelated	1465e309-a0fb-43f9-89ef-2714a27148a4	9/8/13 0:34	9/8/13 0:34	9/8/13 0:42	CompletedSuccess
SN1SRPUTLXI05_EXP_FSSEventLogsReports	SN1SRPUTLXI05	EXP_FSSEventLogsReports	09f05eb3-687d-435d-8c15-e8d52b6e98bd	9/8/13 0:35	9/8/13 0:36	9/8/13 0:39	CompletedSuccess
CO1SRPUTLDI04_JMRUrlExtractor	CO1SRPUTLDI04	JMRUrlExtractor	63d62377-6957-432e-97aa-f65433629f04	9/8/13 0:37	9/8/13 0:38	9/8/13 0:41	CompletedSuccess
SN1SRPUTLAI06_INT_Report_TopTraffic	SN1SRPUTLAI06	INT_Report_TopTraffic	ef8a932d-9e5b-4845-b28c-8ef8fc9eb3a6	9/8/13 0:38	9/8/13 0:39	9/8/13 0:40	CompletedSuccess
SN1SRPUTLXI07_INC_PADMANR_DeletesV2	SN1SRPUTLXI07	INC_PADMANR_DeletesV2	8e5b07b8-a8da-42b9-abcd-75579bdaa7c3	9/8/13 0:38	9/8/13 0:40	9/8/13 1:04	CompletedSuccess
SN1SRPUTLAI06_ScomDataForFeaturization	SN1SRPUTLAI06	ScomDataForFeaturization	c399e0c0-40cf-48bb-9d17-161d9a98a016	9/8/13 0:39	9/8/13 0:39	9/8/13 0:42	CompletedSuccess
SN1SRPUTLAI09_INT_Report_UrlBlock	SN1SRPUTLAI09	INT_Report_UrlBlock	db5a5911-6fbb-4129-9c1f-8b8d1be3952b	9/8/13 0:40	9/8/13 0:40	9/8/13 0:41	CompletedSuccess
SN1SRPUTLXI05_EXP_MHViewErrors	SN1SRPUTLXI05	EXP_MHViewErrors	0cf17796-e28e-4fab-b22d-c65318e20899	9/8/13 0:42	9/8/13 0:43	9/8/13 0:44	CompletedSuccess
SN1SRPUTLXI07_INC_PADMANR_MuesMalware	SN1SRPUTLXI07	INC_PADMANR_MuesMalware	6315519a-fbd0-412d-9c3e-0209f1a1f308	9/8/13 0:47	9/8/13 0:49	9/8/13 1:08	CompletedFailure
SN1SRPUTLAI06_Report_MHV21stats	SN1SRPUTLAI06	Report_MHV21stats	ce76a657-5f00-46dc-b7b0-e4fcc0c62373	9/8/13 0:56	9/8/13 0:57	9/8/13 1:02	CompletedSuccess
SN1SRPUTLXI06_EXP_TelemetryViewV5Errors	SN1SRPUTLXI06	EXP_TelemetryViewV5Errors	0849cedc-745f-40f9-b175-5013652d65e1	9/8/13 0:59	9/8/13 1:00	9/8/13 1:02	CompletedSuccess
SN1SRPUTLAI06_MalwareUrlBlockRelated	SN1SRPUTLAI06	MalwareUrlBlockRelated	b4756f50-b2e6-41a5-a0e7-f990fbacbd76	9/8/13 1:00	9/8/13 1:00	9/8/13 1:09	CompletedSuccess
SN1SRPUTLAI06_Featurizer_Domain_Infrastructure_Type_BinaryHostingProvider	SN1SRPUTLAI06	Featurizer_Domain_Infrastructure_Type_BinaryHostingProvider	205a6c40-1fb7-4521-a9b5-6c314b5fce17	9/8/13 1:01	9/8/13 1:03	9/8/13 1:56	CompletedSuccess
SN1SRPUTLAI06_INT_PullTheWebZip	SN1SRPUTLAI06	INT_PullTheWebZip	7c295191-fbe5-4451-bae2-b28c27bfd0ea	9/8/13 1:08	9/8/13 1:09	9/8/13 1:23	CompletedSuccess
SN1SRPUTLAI06_ScomDataForFeaturization	SN1SRPUTLAI06	ScomDataForFeaturization	df7d0aa1-baa5-43bb-a6f3-57740f14ecca	9/8/13 1:09	9/8/13 1:09	9/8/13 1:13	CompletedSuccess
SN1SRPUTLXI07_INC_PADMANR_GenerateWindowsStoreMHHourlyStream	SN1SRPUTLXI07	INC_PADMANR_GenerateWindowsStoreMHHourlyStream	43411dae-9d34-424e-8060-ece4c423ae62	9/8/13 1:10	9/8/13 1:11	9/8/13 1:13	CompletedSuccess
SN1SRPUTLAI08_INT_Report_UrlBlock	SN1SRPUTLAI08	INT_Report_UrlBlock	64db01c6-fa10-4a3e-ac89-7163e254e891	9/8/13 1:11	9/8/13 1:13	9/8/13 1:14	CompletedSuccess
CO1SRPUTLDI05_RAPUrlExtractor	CO1SRPUTLDI05	RAPUrlExtractor	b0530705-a390-40a1-9ba9-131dbcebc87e	9/8/13 1:11	9/8/13 1:13	9/8/13 1:15	CompletedSuccess
SN1SRPUTLAI06_INT_MH_RE_retry_VIEW	SN1SRPUTLAI06	INT_MH_RE_retry_VIEW	f535a40d-7397-4370-86e8-8648c6f35646	9/8/13 1:11	9/8/13 1:14	9/8/13 1:15	CompletedSuccess
SN1SRPUTLJI01_WWATelemetryV5Summarization	SN1SRPUTLJI01	WWATelemetryV5Summarization	51d411f7-49d6-44fc-94b2-d434805bea88	9/8/13 1:14	9/8/13 1:15	9/8/13 1:27	CompletedSuccess
SN1SRPUTLAI08_INT_Report_MHV22stats	SN1SRPUTLAI08	INT_Report_MHV22stats	b143e0cb-27ac-4376-9e86-eda42ed37f2c	9/8/13 1:18	9/8/13 1:19	9/8/13 1:21	CompletedSuccess
SN1SRPUTLAI06_INT_Report_BPL_Prod	SN1SRPUTLAI06	INT_Report_BPL_Prod	0ecf4bbe-9783-4a62-8eb7-b5906a730a11	9/8/13 1:20	9/8/13 1:21	9/8/13 1:23	CompletedSuccess
SN1SRPUTLAI08_MalwareUrlBlockRelated	SN1SRPUTLAI08	MalwareUrlBlockRelated	8077e475-1934-47da-a65c-90bc0c2727aa	9/8/13 1:27	9/8/13 1:27	9/8/13 1:36	CompletedSuccess
SN1SRPUTLXI06_EXP_UrsViewV5Errors	SN1SRPUTLXI06	EXP_UrsViewV5Errors	f4b6e44b-4243-42b3-8a98-84f1f9e7c37c	9/8/13 1:29	9/8/13 1:30	9/8/13 1:31	CompletedSuccess
SN1SRPUTLAI08_INT_MH_RE_retry_VIEW	SN1SRPUTLAI08	INT_MH_RE_retry_VIEW	18028024-9566-4392-8929-6b47e41ac274	9/8/13 1:31	9/8/13 1:32	9/8/13 1:34	CompletedSuccess
SN1SRPUTLXI05_EXP_FSSEventLogsReports	SN1SRPUTLXI05	EXP_FSSEventLogsReports	41b95aa7-6fa0-43a5-b286-612e08cc5b66	9/8/13 1:35	9/8/13 1:36	9/8/13 1:39	CompletedSuccess
CO1SRPUTLDI04_JMRUrlExtractor	CO1SRPUTLDI04	JMRUrlExtractor	2b7f212d-4c8d-46d5-930c-7d0b0c635b97	9/8/13 1:38	9/8/13 1:39	9/8/13 1:43	CompletedSuccess
SN1SRPUTLXI07_INC_PADMANR_DeletesV2	SN1SRPUTLXI07	INC_PADMANR_DeletesV2	d844bc9e-e00f-43ff-bb91-8525a680e2bb	9/8/13 1:38	9/8/13 1:40	9/8/13 1:54	CompletedSuccess
SN1SRPUTLAI06_ScomDataForFeaturization	SN1SRPUTLAI06	ScomDataForFeaturization	2b5939a6-866d-4ec9-8abe-f9c86be677d7	9/8/13 1:40	9/8/13 1:40	9/8/13 1:43	CompletedSuccess
SN1SRPUTLXI05_EXP_MHViewErrors	SN1SRPUTLXI05	EXP_MHViewErrors	fbb44142-d65f-4052-a09f-5b075d418c86	9/8/13 1:42	9/8/13 1:43	9/8/13 1:44	CompletedSuccess
SN1SRPUTLAI07_INT_Report_UrlBlock	SN1SRPUTLAI07	INT_Report_UrlBlock	816dc97a-bb60-4ac5-b6aa-af3e1fb07c24	9/8/13 1:42	9/8/13 1:43	9/8/13 1:44	CompletedSuccess
SN1SRPUTLXI07_INC_PADMANR_MuesMalware	SN1SRPUTLXI07	INC_PADMANR_MuesMalware	13fdf1cb-62e6-49f1-aa19-a6cd4dbd3c21	9/8/13 1:47	9/8/13 1:49	9/8/13 2:10	CompletedFailure
SN1SRPUTLAI09_MalwareUrlBlockRelated	SN1SRPUTLAI09	MalwareUrlBlockRelated	19fb743f-1415-4c41-8eb3-ff5e16bc99f7	9/8/13 1:54	9/8/13 1:54	9/8/13 2:03	CompletedSuccess
CO1SRPUTLDI05_RAPUrlExtractor	CO1SRPUTLDI05	RAPUrlExtractor	8f04f32b-5820-4568-addb-1389b2331dc4	9/8/13 1:54	9/8/13 1:56	9/8/13 1:58	CompletedSuccess
SN1SRPUTLAI11_Report_MHV21stats	SN1SRPUTLAI11	Report_MHV21stats	b3f07d41-03c7-43e7-973a-3329918e6dab	9/8/13 1:56	9/8/13 1:57	9/8/13 2:00	CompletedSuccess
SN1SRPUTLXI06_EXP_TelemetryViewV5Errors	SN1SRPUTLXI06	EXP_TelemetryViewV5Errors	4ba88039-07bb-4589-bcdc-3b10372a5319	9/8/13 1:59	9/8/13 2:00	9/8/13 2:02	CompletedSuccess
SN1SRPUTLAI06_Featurizer_CanonicalUrl_Infrastructure_Type_ChangeRate	SN1SRPUTLAI06	Featurizer_CanonicalUrl_Infrastructure_Type_ChangeRate	1e555f61-5c6a-4ac3-bb03-e4c9b02e4b43	9/8/13 2:01	9/8/13 2:02	9/8/13 3:24	CompletedSuccess
SN1SRPUTLAI09_INT_PullTheWebZip	SN1SRPUTLAI09	INT_PullTheWebZip	be6fddfa-4c6e-45dc-a7c3-c9aa79a3354d	9/8/13 2:08	9/8/13 2:10	9/8/13 2:48	CompletedSuccess
SN1SRPUTLAI06_ScomDataForFeaturization	SN1SRPUTLAI06	ScomDataForFeaturization	392deba2-5f36-44ec-b2b4-a9ad9f46f19e	9/8/13 2:09	9/8/13 2:09	9/8/13 2:13	CompletedSuccess
SN1SRPUTLXI07_INC_PADMANR_GenerateWindowsStoreMHHourlyStream	SN1SRPUTLXI07	INC_PADMANR_GenerateWindowsStoreMHHourlyStream	5a1dbbaf-47ca-4d92-b0a2-eba878f85c3a	9/8/13 2:10	9/8/13 2:11	9/8/13 2:13	CompletedSuccess
SN1SRPUTLAI08_INT_Report_UrlBlock	SN1SRPUTLAI08	INT_Report_UrlBlock	b6f25eff-3fd1-4834-9b7f-b2df6118ef17	9/8/13 2:13	9/8/13 2:14	9/8/13 2:15	CompletedSuccess
SN1SRPUTLJI01_WWATelemetryV5Summarization	SN1SRPUTLJI01	WWATelemetryV5Summarization	c1e2541e-bcbf-4507-954f-9b9ca2cbd6b6	9/8/13 2:14	9/8/13 2:15	9/8/13 2:54	CompletedSuccess
SN1SRPUTLAI06_INT_Report_MHV22stats	SN1SRPUTLAI06	INT_Report_MHV22stats	4bf7e211-d48e-48b4-88bd-e74e2a7a81fa	9/8/13 2:18	9/8/13 2:19	9/8/13 2:21	CompletedSuccess
SN1SRPUTLAI09_INT_Report_BPL_Prod	SN1SRPUTLAI09	INT_Report_BPL_Prod	63e90e08-f2a8-453f-8b6f-ea130944f17c	9/8/13 2:20	9/8/13 2:21	9/8/13 2:23	CompletedSuccess
SN1SRPUTLAI10_MalwareUrlBlockRelated	SN1SRPUTLAI10	MalwareUrlBlockRelated	e29dc500-455f-4135-9277-b418d9226737	9/8/13 2:21	9/8/13 2:21	9/8/13 2:31	CompletedSuccess
MWUrlModel_Hourly2		WUrlModel_Hourly2	63d40f1f-ccfe-4620-a679-60d1d855af5b	9/8/13 2:27	9/8/13 2:34	9/8/13 3:46	CompletedSuccess
SN1SRPUTLXI06_EXP_UrsViewV5Errors	SN1SRPUTLXI06	EXP_UrsViewV5Errors	05c95163-b0f0-4117-a0cd-5909b27ed379	9/8/13 2:29	9/8/13 2:30	9/8/13 2:31	CompletedSuccess
SN1SRPUTLAI06_INT_MH_RE_retry_VIEW	SN1SRPUTLAI06	INT_MH_RE_retry_VIEW	bf14e4fc-7ff1-491d-bb23-9ae25b8e12aa	9/8/13 2:32	9/8/13 2:33	9/8/13 2:34	CompletedSuccess
SN1SRPUTLXI05_EXP_FSSEventLogsReports	SN1SRPUTLXI05	EXP_FSSEventLogsReports	c8d08339-0a97-454c-91bc-58131b1453de	9/8/13 2:35	9/8/13 2:36	9/8/13 2:40	CompletedSuccess
CO1SRPUTLDI05_RAPUrlExtractor	CO1SRPUTLDI05	RAPUrlExtractor	6c6844d0-b544-450d-b14c-24ef35649dc6	9/8/13 2:38	9/8/13 2:39	9/8/13 2:42	CompletedSuccess
CO1SRPUTLDI04_JMRUrlExtractor	CO1SRPUTLDI04	JMRUrlExtractor	71624758-412f-45ad-8dba-5f27d11548c9	9/8/13 2:38	9/8/13 2:40	9/8/13 2:46	CompletedSuccess
SN1SRPUTLXI07_INC_PADMANR_DeletesV2	SN1SRPUTLXI07	INC_PADMANR_DeletesV2	43e06e2b-b947-4f6a-bd8c-f8363a1b0597	9/8/13 2:38	9/8/13 2:42	9/8/13 2:59	CompletedSuccess
SN1SRPUTLAI06_ScomDataForFeaturization	SN1SRPUTLAI06	ScomDataForFeaturization	21a2c2db-ee20-48b4-8fe9-e3d501592e6c	9/8/13 2:39	9/8/13 2:46	9/8/13 2:49	CompletedSuccess
SN1SRPUTLXI05_EXP_MHViewErrors	SN1SRPUTLXI05	EXP_MHViewErrors	4df30543-b634-4afd-9595-72fcdd603373	9/8/13 2:42	9/8/13 2:48	9/8/13 2:50	CompletedSuccess
SN1SRPUTLAI08_INT_Report_UrlBlock	SN1SRPUTLAI08	INT_Report_UrlBlock	5cb4bd10-05e0-486c-b74c-5dcac2fad49e	9/8/13 2:45	9/8/13 2:49	9/8/13 2:50	CompletedSuccess
SN1SRPUTLXI07_INC_PADMANR_MuesMalware	SN1SRPUTLXI07	INC_PADMANR_MuesMalware	27347808-57a4-49f6-94fb-f60d2467aca4	9/8/13 2:47	9/8/13 2:50	9/8/13 3:12	CompletedFailure
SN1SRPUTLAI06_MalwareUrlBlockRelated	SN1SRPUTLAI06	MalwareUrlBlockRelated	f90b7bbb-c045-4ab5-b1b4-f174053d389e	9/8/13 2:49	9/8/13 2:49	9/8/13 2:58	CompletedSuccess
SN1SRPUTLAI06_Report_MHV21stats	SN1SRPUTLAI06	Report_MHV21stats	6e5ec70c-72cd-4be9-bbd4-1e47a74cdc75	9/8/13 2:56	9/8/13 2:57	9/8/13 3:00	CompletedSuccess
SN1SRPUTLXI06_EXP_TelemetryViewV5Errors	SN1SRPUTLXI06	EXP_TelemetryViewV5Errors	3bb737f0-3019-49c2-aa99-62b4e18cc968	9/8/13 2:59	9/8/13 3:00	9/8/13 3:02	CompletedSuccess
SN1SRPUTLAI07_Featurizer_Domain_Infrastructure_Type_ChangeRate	SN1SRPUTLAI07	Featurizer_Domain_Infrastructure_Type_ChangeRate	30b33e93-1eb9-47eb-8228-31137a75bc9e	9/8/13 3:00	9/8/13 3:02	9/8/13 3:53	CompletedSuccess
SN1SRPUTLAI06_INT_PullTheWebZip	SN1SRPUTLAI06	INT_PullTheWebZip	cf045634-5960-4558-b518-6921523dbd61	9/8/13 3:08	9/8/13 3:10	9/8/13 3:24	CompletedSuccess
SN1SRPUTLAI06_ScomDataForFeaturization	SN1SRPUTLAI06	ScomDataForFeaturization	808837e0-174b-4d45-b0f8-ca3a202e0fb0	9/8/13 3:09	9/8/13 3:10	9/8/13 3:12	CompletedSuccess
SN1SRPUTLXI07_INC_PADMANR_GenerateWindowsStoreMHHourlyStream	SN1SRPUTLXI07	INC_PADMANR_GenerateWindowsStoreMHHourlyStream	779786d7-dd76-4f91-80ae-f8528cb583fe	9/8/13 3:10	9/8/13 3:12	9/8/13 3:14	CompletedSuccess
SN1SRPUTLAI09_INT_MH_RE_retry_VIEW	SN1SRPUTLAI09	INT_MH_RE_retry_VIEW	faf01407-ab8d-455e-8a8c-70b60c4c5467	9/8/13 3:11	9/8/13 3:12	9/8/13 3:14	CompletedSuccess
SN1SRPUTLJI02_WWATelemetryV5Summarization	SN1SRPUTLJI02	WWATelemetryV5Summarization	07ffccc9-863a-4f1f-9b92-e7fa252032b0	9/8/13 3:14	9/8/13 3:15	9/8/13 3:28	CompletedSuccess
SN1SRPUTLAI07_INT_Report_UrlBlock	SN1SRPUTLAI07	INT_Report_UrlBlock	f3ab5b56-86bb-4af7-8144-e2838b44a35b	9/8/13 3:16	9/8/13 3:17	9/8/13 3:18	CompletedSuccess
SN1SRPUTLAI09_MalwareUrlBlockRelated	SN1SRPUTLAI09	MalwareUrlBlockRelated	20026783-2ead-4e15-8d0c-2e1eecbba9ab	9/8/13 3:16	9/8/13 3:16	9/8/13 3:24	CompletedSuccess
SN1SRPUTLAI10_INT_AppRepUserRules	SN1SRPUTLAI10	INT_AppRepUserRules	b4f5450c-d002-40c4-84a0-4f0d219abe90	9/8/13 3:16	9/8/13 3:19	9/8/13 3:27	CompletedSuccess
SN1SRPUTLAI09_INT_Report_MHV22stats	SN1SRPUTLAI09	INT_Report_MHV22stats	aec94c43-7ecb-416b-9fbf-1aa3f91a9bb9	9/8/13 3:18	9/8/13 3:24	9/8/13 3:27	CompletedSuccess
SN1SRPUTLAI06_INT_Report_BPL_Prod	SN1SRPUTLAI06	INT_Report_BPL_Prod	13ba16eb-e261-46bd-9b17-c53eade187ff	9/8/13 3:20	9/8/13 3:24	9/8/13 3:26	CompletedSuccess
CO1SRPUTLDI05_RAPUrlExtractor	CO1SRPUTLDI05	RAPUrlExtractor	b5c2f67d-020f-4bfd-8e23-efb026385c23	9/8/13 3:21	9/8/13 3:26	9/8/13 3:29	CompletedSuccess
SN1SRPUTLXI06_EXP_UrsViewV5Errors	SN1SRPUTLXI06	EXP_UrsViewV5Errors	b0129935-38a5-40cd-bf85-ddf93f265cde	9/8/13 3:29	9/8/13 3:30	9/8/13 3:31	CompletedSuccess
SN1SRPUTLAI09_INT_MH_RE_retry_VIEW	SN1SRPUTLAI09	INT_MH_RE_retry_VIEW	18c37256-49fd-466f-93e3-b6456d2d4776	9/8/13 3:31	9/8/13 3:32	9/8/13 3:34	CompletedSuccess
SN1SRPUTLXI05_EXP_FSSEventLogsReports	SN1SRPUTLXI05	EXP_FSSEventLogsReports	5bbf4c8c-fe0d-45de-89f4-b1b7ecb1ff58	9/8/13 3:35	9/8/13 3:36	9/8/13 3:40	CompletedSuccess
CO1SRPUTLDI04_JMRUrlExtractor	CO1SRPUTLDI04	JMRUrlExtractor	af84ef21-0548-49fe-b3d6-2f2b918753d4	9/8/13 3:38	9/8/13 3:39	9/8/13 3:43	CompletedSuccess
SN1SRPUTLXI07_INC_PADMANR_DeletesV2	SN1SRPUTLXI07	INC_PADMANR_DeletesV2	793c866b-1d7f-4d3c-9f0c-69bed1799e6c	9/8/13 3:38	9/8/13 3:40	9/8/13 4:03	CompletedSuccess
SN1SRPUTLAI06_ScomDataForFeaturization	SN1SRPUTLAI06	ScomDataForFeaturization	bf873eae-23b4-4ebe-8ef6-e6daec361686	9/8/13 3:39	9/8/13 3:40	9/8/13 3:43	CompletedSuccess
SN1SRPUTLAI09_MalwareUrlBlockRelated	SN1SRPUTLAI09	MalwareUrlBlockRelated	fcb9e824-5691-45ad-835f-9b050c6b0948	9/8/13 3:42	9/8/13 3:42	9/8/13 3:56	CompletedSuccess
SN1SRPUTLXI05_EXP_MHViewErrors	SN1SRPUTLXI05	EXP_MHViewErrors	ec3180dc-202d-4c4b-8ea3-23d9595d5a04	9/8/13 3:42	9/8/13 3:43	9/8/13 3:44	CompletedSuccess
SN1SRPUTLAI07_INT_Report_UrlBlock	SN1SRPUTLAI07	INT_Report_UrlBlock	724a349e-c692-4e91-a8a0-78fe11bd37f2	9/8/13 3:47	9/8/13 3:48	9/8/13 3:49	CompletedSuccess
SN1SRPUTLXI07_INC_PADMANR_MuesMalware	SN1SRPUTLXI07	INC_PADMANR_MuesMalware	e5e9da53-affd-4804-a1d2-e31689ad0cb2	9/8/13 3:48	9/8/13 3:50	9/8/13 4:17	CompletedFailure
SN1SRPUTLAI09_Report_MHV21stats	SN1SRPUTLAI09	Report_MHV21stats	8c6e5e1b-2aae-4d82-a7db-f223672f6cdc	9/8/13 3:56	9/8/13 3:57	9/8/13 4:00	CompletedSuccess
SN1SRPUTLXI06_EXP_TelemetryViewV5Errors	SN1SRPUTLXI06	EXP_TelemetryViewV5Errors	579264cf-6cc9-47f1-96e9-964a31699920	9/8/13 3:59	9/8/13 4:00	9/8/13 4:03	CompletedSuccess
SN1SRPUTLAI06_Featurizer_Hash_UserBase_Behavior	SN1SRPUTLAI06	Featurizer_Hash_UserBase_Behavior	09eb3d8c-13c4-4ffe-9b61-74c56ac5dccd	9/8/13 4:01	9/8/13 4:02	9/8/13 4:35	CompletedSuccess
CO1SRPUTLDI05_RAPUrlExtractor	CO1SRPUTLDI05	RAPUrlExtractor	ab722bd9-6c2b-4461-9570-8b1be3ce96de	9/8/13 4:04	9/8/13 4:05	9/8/13 4:09	CompletedSuccess
SN1SRPUTLAI09_INT_PullTheWebZip	SN1SRPUTLAI09	INT_PullTheWebZip	89d2befb-bb94-406f-8527-e4f4d2d459fb	9/8/13 4:08	9/8/13 4:10	9/8/13 4:36	CompletedSuccess
SN1SRPUTLAI06_ScomDataForFeaturization	SN1SRPUTLAI06	ScomDataForFeaturization	5bbe5e41-589e-4257-9c82-7342eaca8ae2	9/8/13 4:09	9/8/13 4:10	9/8/13 4:13	CompletedSuccess
SN1SRPUTLXI07_INC_PADMANR_GenerateWindowsStoreMHHourlyStream	SN1SRPUTLXI07	INC_PADMANR_GenerateWindowsStoreMHHourlyStream	f9810d47-7b56-4ee9-a54f-615f60c069ec	9/8/13 4:10	9/8/13 4:11	9/8/13 4:13	CompletedSuccess
SN1SRPUTLAI11_MalwareUrlBlockRelated	SN1SRPUTLAI11	MalwareUrlBlockRelated	0ae3da1c-b9d4-4c2b-967d-6a03a1be10c7	9/8/13 4:14	9/8/13 4:14	9/8/13 4:22	CompletedSuccess
SN1SRPUTLJI02_WWATelemetryV5Summarization	SN1SRPUTLJI02	WWATelemetryV5Summarization	5ef05e28-bb56-4f2f-9d01-f30725388086	9/8/13 4:14	9/8/13 4:16	9/8/13 4:38	CompletedSuccess
SN1SRPUTLAI06_INT_Report_MHV22stats	SN1SRPUTLAI06	INT_Report_MHV22stats	96824455-0a06-42cc-823d-b8e3b59f1b37	9/8/13 4:18	9/8/13 4:19	9/8/13 4:21	CompletedSuccess
SN1SRPUTLAI10_INT_Report_UrlBlock	SN1SRPUTLAI10	INT_Report_UrlBlock	1458630b-b0e3-4004-80a8-02685141d29d	9/8/13 4:18	9/8/13 4:19	9/8/13 4:20	CompletedSuccess
SN1SRPUTLAI09_INT_Report_BPL_Prod	SN1SRPUTLAI09	INT_Report_BPL_Prod	88a14379-83d9-4e87-a563-100b47b72b76	9/8/13 4:20	9/8/13 4:22	9/8/13 4:23	CompletedSuccess
MWUrlModel_Hourly2		WUrlModel_Hourly2	cc8950b1-d891-4a3f-a26b-768f4ab8582c	9/8/13 4:27	9/8/13 4:34	9/8/13 5:43	CompletedSuccess
SN1SRPUTLXI06_EXP_UrsViewV5Errors	SN1SRPUTLXI06	EXP_UrsViewV5Errors	e109a03d-1b7f-40ff-8c4d-917df0e81358	9/8/13 4:29	9/8/13 4:30	9/8/13 4:31	CompletedSuccess
SN1SRPUTLAI06_INT_MH_RE_retry_VIEW	SN1SRPUTLAI06	INT_MH_RE_retry_VIEW	8ca10f3c-1bbe-4b3e-a138-12bbd4edd7ed	9/8/13 4:32	9/8/13 4:32	9/8/13 4:34	CompletedSuccess
SN1SRPUTLXI05_EXP_FSSEventLogsReports	SN1SRPUTLXI05	EXP_FSSEventLogsReports	76142fe0-0755-407a-bcbd-a846a8c1f49c	9/8/13 4:35	9/8/13 4:36	9/8/13 4:41	CompletedSuccess
CO1SRPUTLDI04_JMRUrlExtractor	CO1SRPUTLDI04	JMRUrlExtractor	9e0034a9-6229-446f-bd32-69310a2223f6	9/8/13 4:38	9/8/13 4:40	9/8/13 4:45	CompletedSuccess
SN1SRPUTLXI07_INC_PADMANR_DeletesV2	SN1SRPUTLXI07	INC_PADMANR_DeletesV2	c676c452-c57b-4418-b12a-cfb92df610fa	9/8/13 4:39	9/8/13 4:40	9/8/13 4:54	CompletedSuccess
SN1SRPUTLAI10_ScomDataForFeaturization	SN1SRPUTLAI10	ScomDataForFeaturization	dc9dc9cd-6dc0-4a69-a23e-33d8a0bb3a1a	9/8/13 4:39	9/8/13 4:40	9/8/13 4:44	CompletedSuccess
SN1SRPUTLAI09_MalwareUrlBlockRelated	SN1SRPUTLAI09	MalwareUrlBlockRelated	6bbb15a7-fed1-4be0-b772-d9122f9b9271	9/8/13 4:40	9/8/13 4:40	9/8/13 4:48	CompletedSuccess
SN1SRPUTLXI05_EXP_MHViewErrors	SN1SRPUTLXI05	EXP_MHViewErrors	77d4accc-4174-4222-a5ed-b0e63293fd96	9/8/13 4:42	9/8/13 4:43	9/8/13 4:44	CompletedSuccess
SN1SRPUTLXI07_INC_PADMANR_MuesMalware	SN1SRPUTLXI07	INC_PADMANR_MuesMalware	ce8ef053-e18c-42df-b243-86d05b845133	9/8/13 4:47	9/8/13 4:50	9/8/13 5:14	CompletedFailure
CO1SRPUTLDI05_RAPUrlExtractor	CO1SRPUTLDI05	RAPUrlExtractor	3f54ac53-6e3f-4c1f-8e1d-e0160357c8b3	9/8/13 4:48	9/8/13 4:49	9/8/13 4:53	CompletedSuccess
SN1SRPUTLAI10_INT_Report_UrlBlock	SN1SRPUTLAI10	INT_Report_UrlBlock	951248f3-e59d-4502-8448-7642a7b885c6	9/8/13 4:50	9/8/13 4:51	9/8/13 4:52	CompletedSuccess
SN1SRPUTLAI10_Report_MHV21stats	SN1SRPUTLAI10	Report_MHV21stats	cc096b72-3f79-488a-94ed-c22fe9ca190b	9/8/13 4:56	9/8/13 4:57	9/8/13 5:00	CompletedSuccess
SN1SRPUTLXI06_EXP_TelemetryViewV5Errors	SN1SRPUTLXI06	EXP_TelemetryViewV5Errors	e46daab3-a913-4165-a761-98b336e5bf3a	9/8/13 4:59	9/8/13 5:00	9/8/13 5:02	CompletedSuccess
SN1SRPUTLAI08_MalwareUrlBlockRelated	SN1SRPUTLAI08	MalwareUrlBlockRelated	14e0b5d9-1c96-4b0f-bc17-8c738c3e6772	9/8/13 5:05	9/8/13 5:05	9/8/13 5:25	CompletedSuccess
SN1SRPUTLAI10_INT_PullTheWebZip	SN1SRPUTLAI10	INT_PullTheWebZip	25116772-95ef-4685-a40d-c26ea69230a6	9/8/13 5:08	9/8/13 5:10	9/8/13 5:27	CompletedSuccess
SN1SRPUTLAI10_ScomDataForFeaturization	SN1SRPUTLAI10	ScomDataForFeaturization	4871ab0f-f081-4a0b-b0d9-7281ade2a0c2	9/8/13 5:09	9/8/13 5:10	9/8/13 5:13	CompletedSuccess
SN1SRPUTLXI07_INC_PADMANR_GenerateWindowsStoreMHHourlyStream	SN1SRPUTLXI07	INC_PADMANR_GenerateWindowsStoreMHHourlyStream	4718d390-d1af-49a7-bd16-0642b4d58a62	9/8/13 5:10	9/8/13 5:11	9/8/13 5:13	CompletedSuccess
SN1SRPUTLAI10_INT_MH_RE_retry_VIEW	SN1SRPUTLAI10	INT_MH_RE_retry_VIEW	f9fb8327-c146-4f95-9526-0080472e670b	9/8/13 5:11	9/8/13 5:12	9/8/13 5:14	CompletedSuccess
SN1SRPUTLJI01_WWATelemetryV5Summarization	SN1SRPUTLJI01	WWATelemetryV5Summarization	923ca83e-b045-4c69-a04d-68a7ffca1fd5	9/8/13 5:14	9/8/13 5:15	9/8/13 5:33	CompletedSuccess
SN1SRPUTLAI08_INT_ReasonableClientWin8	SN1SRPUTLAI08	INT_ReasonableClientWin8	d02cc636-4e75-47a4-a825-bfb48f26a886	9/8/13 5:16	9/8/13 5:18	9/8/13 5:31	CompletedSuccess
SN1SRPUTLAI09_INT_Report_MHV22stats	SN1SRPUTLAI09	INT_Report_MHV22stats	8ab5c659-d411-4279-b231-6ecfc9766e48	9/8/13 5:18	9/8/13 5:19	9/8/13 5:21	CompletedSuccess
SN1SRPUTLAI10_INT_Report_BPL_Prod	SN1SRPUTLAI10	INT_Report_BPL_Prod	e013a827-d92e-4fea-b550-40d0ea93bcea	9/8/13 5:20	9/8/13 5:21	9/8/13 5:25	CompletedSuccess
SN1SRPUTLAI10_INT_Report_UrlBlock	SN1SRPUTLAI10	INT_Report_UrlBlock	427a072d-385d-44fd-a163-981bf2015e64	9/8/13 5:21	9/8/13 5:21	9/8/13 5:22	CompletedSuccess
SN1SRPUTLXI06_EXP_UrsViewV5Errors	SN1SRPUTLXI06	EXP_UrsViewV5Errors	1e91ccb0-a780-4935-9968-620659f20824	9/8/13 5:29	9/8/13 5:30	9/8/13 5:32	CompletedSuccess
CO1SRPUTLDI05_RAPUrlExtractor	CO1SRPUTLDI05	RAPUrlExtractor	bb370e3a-8077-4593-b311-8ddd39275d14	9/8/13 5:31	9/8/13 5:32	9/8/13 5:36	CompletedSuccess
SN1SRPUTLAI09_INT_MH_RE_retry_VIEW	SN1SRPUTLAI09	INT_MH_RE_retry_VIEW	b15653eb-8581-4f6a-8188-354649e37d1c	9/8/13 5:32	9/8/13 5:32	9/8/13 5:34	CompletedSuccess
SN1SRPUTLXI05_EXP_FSSEventLogsReports	SN1SRPUTLXI05	EXP_FSSEventLogsReports	6e3c90c7-5a80-4915-a15a-3755c289ffde	9/8/13 5:35	9/8/13 5:36	9/8/13 5:42	CompletedSuccess
CO1SRPUTLDI04_JMRUrlExtractor	CO1SRPUTLDI04	JMRUrlExtractor	993a7bcf-7f52-4e6d-91e0-a42b0ce751c7	9/8/13 5:38	9/8/13 5:39	9/8/13 5:44	CompletedSuccess
SN1SRPUTLXI07_INC_PADMANR_DeletesV2	SN1SRPUTLXI07	INC_PADMANR_DeletesV2	29a766bf-1ca1-4da6-a870-96ad73201489	9/8/13 5:39	9/8/13 5:41	9/8/13 5:53	CompletedSuccess
SN1SRPUTLAI08_ScomDataForFeaturization	SN1SRPUTLAI08	ScomDataForFeaturization	4f74b3e0-6d95-4c43-a7dd-b310b4e810e9	9/8/13 5:39	9/8/13 5:40	9/8/13 5:42	CompletedSuccess
SN1SRPUTLXI05_EXP_MHViewErrors	SN1SRPUTLXI05	EXP_MHViewErrors	69127975-d290-4472-b5e9-7b8eec53b194	9/8/13 5:42	9/8/13 5:43	9/8/13 5:44	CompletedSuccess
SN1SRPUTLAI07_MalwareUrlBlockRelated	SN1SRPUTLAI07	MalwareUrlBlockRelated	79e6a905-8040-4482-9538-11b32d6939bc	9/8/13 5:45	9/8/13 5:45	9/8/13 5:52	CompletedSuccess
SN1SRPUTLXI07_INC_PADMANR_MuesMalware	SN1SRPUTLXI07	INC_PADMANR_MuesMalware	971450fc-a928-4dd0-b9bb-8d65722b39f1	9/8/13 5:47	9/8/13 5:49	9/8/13 6:03	CompletedFailure
SN1SRPUTLAI10_INT_Report_UrlBlock	SN1SRPUTLAI10	INT_Report_UrlBlock	496aec86-a3e7-4a5c-a904-f9ace21fc118	9/8/13 5:52	9/8/13 5:53	9/8/13 5:53	CompletedSuccess
SN1SRPUTLAI09_Report_MHV21stats	SN1SRPUTLAI09	Report_MHV21stats	60953939-16ac-492e-889a-3533e61075ed	9/8/13 5:56	9/8/13 5:57	9/8/13 6:00	CompletedSuccess
SN1SRPUTLXI06_EXP_TelemetryViewV5Errors	SN1SRPUTLXI06	EXP_TelemetryViewV5Errors	6b1a0260-33c7-43ac-b519-8f082f66c7a8	9/8/13 5:59	9/8/13 6:00	9/8/13 6:02	CompletedSuccess
SN1SRPUTLAI09_INT_PullTheWebZip	SN1SRPUTLAI09	INT_PullTheWebZip	08a77cbe-f2e8-48fc-9a74-692c7b6ddd04	9/8/13 6:09	9/8/13 6:11	9/8/13 6:28	CompletedSuccess
SN1SRPUTLAI08_ScomDataForFeaturization	SN1SRPUTLAI08	ScomDataForFeaturization	0bc83c92-e47f-443c-b64f-5c7ffaa31660	9/8/13 6:09	9/8/13 6:10	9/8/13 6:14	CompletedSuccess
SN1SRPUTLAI09_MalwareUrlBlockRelated	SN1SRPUTLAI09	MalwareUrlBlockRelated	723fcbf5-b754-41b5-b61b-baf615555ae4	9/8/13 6:11	9/8/13 6:11	9/8/13 6:18	CompletedSuccess
SN1SRPUTLXI07_INC_PADMANR_GenerateWindowsStoreMHHourlyStream	SN1SRPUTLXI07	INC_PADMANR_GenerateWindowsStoreMHHourlyStream	466ee4db-c72a-4590-85e3-36f805048884	9/8/13 6:11	9/8/13 6:12	9/8/13 6:14	CompletedSuccess
SN1SRPUTLJI01_WWATelemetryV5Summarization	SN1SRPUTLJI01	WWATelemetryV5Summarization	2a0365ff-cc4e-464a-85ed-274a6e82ca19	9/8/13 6:14	9/8/13 6:15	9/8/13 6:33	CompletedSuccess
CO1SRPUTLDI05_RAPUrlExtractor	CO1SRPUTLDI05	RAPUrlExtractor	db052ffc-52c5-4d9e-b182-20657c59083a	9/8/13 6:15	9/8/13 6:16	9/8/13 6:19	CompletedSuccess
SN1SRPUTLAI08_INT_Report_MHV22stats	SN1SRPUTLAI08	INT_Report_MHV22stats	94f5cea6-9e6f-4eac-bd11-1d719f1e3b12	9/8/13 6:18	9/8/13 6:19	9/8/13 6:21	CompletedSuccess
SN1SRPUTLAI09_INT_Report_BPL_Prod	SN1SRPUTLAI09	INT_Report_BPL_Prod	e9473ae5-b1cc-41ba-a3f7-1693b5a33bc8	9/8/13 6:20	9/8/13 6:22	9/8/13 6:23	CompletedSuccess
SN1SRPUTLAI08_INT_Report_UrlBlock	SN1SRPUTLAI08	INT_Report_UrlBlock	7c0c1856-382d-446c-840e-f5a00602abfd	9/8/13 6:23	9/8/13 6:24	9/8/13 6:25	CompletedSuccess
MWUrlModel_Hourly2		WUrlModel_Hourly2	114260a8-6b80-4f8f-b1ac-7cacc9d7d7ba	9/8/13 6:27	9/8/13 6:35	9/8/13 7:32	CompletedSuccess
SN1SRPUTLXI06_EXP_UrsViewV5Errors	SN1SRPUTLXI06	EXP_UrsViewV5Errors	445d2ab3-407d-43a1-807a-973d33031528	9/8/13 6:29	9/8/13 6:30	9/8/13 6:31	CompletedSuccess
SN1SRPUTLAI08_INT_MH_RE_retry_VIEW	SN1SRPUTLAI08	INT_MH_RE_retry_VIEW	579c09b7-a5ed-4c0a-893d-b2d7f854487a	9/8/13 6:32	9/8/13 6:33	9/8/13 6:35	CompletedSuccess
SN1SRPUTLXI05_EXP_FSSEventLogsReports	SN1SRPUTLXI05	EXP_FSSEventLogsReports	b276f868-3683-4e1b-b2d2-85a130de81a5	9/8/13 6:35	9/8/13 6:36	9/8/13 6:43	CompletedSuccess
SN1SRPUTLAI08_MalwareUrlBlockRelated	SN1SRPUTLAI08	MalwareUrlBlockRelated	480b66e3-5464-4355-80ce-cc6706ebc4cc	9/8/13 6:36	9/8/13 6:36	9/8/13 6:45	CompletedSuccess
CO1SRPUTLDI04_JMRUrlExtractor	CO1SRPUTLDI04	JMRUrlExtractor	57a9687c-4400-42c4-82df-362602fc1d02	9/8/13 6:38	9/8/13 6:39	9/8/13 6:44	CompletedSuccess
SN1SRPUTLAI08_INT_Report_TopTraffic	SN1SRPUTLAI08	INT_Report_TopTraffic	f738d10b-dea1-46b5-8aae-43067bd645ad	9/8/13 6:38	9/8/13 6:39	9/8/13 6:40	CompletedSuccess
SN1SRPUTLXI07_INC_PADMANR_DeletesV2	SN1SRPUTLXI07	INC_PADMANR_DeletesV2	3d97fa69-b340-4add-9608-2e51e7423893	9/8/13 6:39	9/8/13 6:41	9/8/13 6:51	CompletedSuccess
SN1SRPUTLAI08_ScomDataForFeaturization	SN1SRPUTLAI08	ScomDataForFeaturization	ba3fb147-e315-4af5-b47c-1db37d27001a	9/8/13 6:39	9/8/13 6:40	9/8/13 6:42	CompletedSuccess
SN1SRPUTLXI05_EXP_MHViewErrors	SN1SRPUTLXI05	EXP_MHViewErrors	866ca1f0-3c99-40f7-9065-4debcdc39028	9/8/13 6:42	9/8/13 6:43	9/8/13 6:44	CompletedSuccess
SN1SRPUTLXI07_INC_PADMANR_MuesMalware	SN1SRPUTLXI07	INC_PADMANR_MuesMalware	bede0618-1983-44ed-9ed8-167ef832202a	9/8/13 6:47	9/8/13 6:49	9/8/13 7:06	CompletedFailure
SN1SRPUTLAI08_INT_Report_UrlBlock	SN1SRPUTLAI08	INT_Report_UrlBlock	797d783f-fa4b-4a74-b4f4-5cbefb618e31	9/8/13 6:54	9/8/13 6:55	9/8/13 6:57	CompletedSuccess
SN1SRPUTLAI08_Report_MHV21stats	SN1SRPUTLAI08	Report_MHV21stats	0ea26ea2-dbde-41c5-ae15-174e2a34a2e9	9/8/13 6:56	9/8/13 6:57	9/8/13 7:00	CompletedSuccess
CO1SRPUTLDI05_RAPUrlExtractor	CO1SRPUTLDI05	RAPUrlExtractor	29595289-fd01-4f3d-9c52-91f2080a8303	9/8/13 6:58	9/8/13 6:59	9/8/13 7:03	CompletedSuccess
SN1SRPUTLXI06_EXP_TelemetryViewV5Errors	SN1SRPUTLXI06	EXP_TelemetryViewV5Errors	d746634a-2969-4a6d-8350-a751ad753f7f	9/8/13 6:59	9/8/13 7:00	9/8/13 7:02	CompletedSuccess
SN1SRPUTLAI09_MalwareUrlBlockRelated	SN1SRPUTLAI09	MalwareUrlBlockRelated	5146a109-7e81-4b06-812a-55ba0c24c693	9/8/13 7:03	9/8/13 7:03	9/8/13 7:11	CompletedSuccess
SN1SRPUTLAI08_INT_PullTheWebZip	SN1SRPUTLAI08	INT_PullTheWebZip	aa511665-6096-4363-a26a-38819224310a	9/8/13 7:08	9/8/13 7:10	9/8/13 7:21	CompletedSuccess
SN1SRPUTLAI08_ScomDataForFeaturization	SN1SRPUTLAI08	ScomDataForFeaturization	dc1b6992-c391-43fe-a598-57de2090386d	9/8/13 7:09	9/8/13 7:10	9/8/13 7:13	CompletedSuccess
SN1SRPUTLXI07_INC_PADMANR_GenerateWindowsStoreMHHourlyStream	SN1SRPUTLXI07	INC_PADMANR_GenerateWindowsStoreMHHourlyStream	7c8ba3b8-2ac2-4186-be89-7f0ed13213f7	9/8/13 7:10	9/8/13 7:11	9/8/13 7:13	CompletedSuccess
SN1SRPUTLAI09_INT_MH_RE_retry_VIEW	SN1SRPUTLAI09	INT_MH_RE_retry_VIEW	9c9dd950-d4e5-49df-81ad-a02f836da9de	9/8/13 7:11	9/8/13 7:12	9/8/13 7:13	CompletedSuccess
SN1SRPUTLJI01_WWATelemetryV5Summarization	SN1SRPUTLJI01	WWATelemetryV5Summarization	911b3d83-0a46-496e-8889-85e16ea63c98	9/8/13 7:14	9/8/13 7:15	9/8/13 7:26	CompletedSuccess
SN1SRPUTLAI09_INT_Report_MHV22stats	SN1SRPUTLAI09	INT_Report_MHV22stats	a81cf48c-8b67-484d-a38c-0e9018404e0e	9/8/13 7:18	9/8/13 7:19	9/8/13 7:21	CompletedSuccess
SN1SRPUTLAI07_INT_Report_BPL_Prod	SN1SRPUTLAI07	INT_Report_BPL_Prod	cfd9b7c8-719a-4547-9b0d-0cd326b714ce	9/8/13 7:20	9/8/13 7:21	9/8/13 7:23	CompletedSuccess
SN1SRPUTLAI07_INT_Report_UrlBlock	SN1SRPUTLAI07	INT_Report_UrlBlock	c501d559-3224-41a5-a1bf-8005f9c87d5e	9/8/13 7:26	9/8/13 7:27	9/8/13 7:27	CompletedSuccess
SN1SRPUTLXI06_EXP_UrsViewV5Errors	SN1SRPUTLXI06	EXP_UrsViewV5Errors	5c4b83d5-5505-47a9-9b00-883c57db9c1d	9/8/13 7:29	9/8/13 7:30	9/8/13 7:31	CompletedSuccess
SN1SRPUTLAI07_MalwareUrlBlockRelated	SN1SRPUTLAI07	MalwareUrlBlockRelated	eb203372-7476-464e-b130-c14e6394f403	9/8/13 7:29	9/8/13 7:29	9/8/13 7:39	CompletedSuccess
SN1SRPUTLAI09_INT_MH_RE_retry_VIEW	SN1SRPUTLAI09	INT_MH_RE_retry_VIEW	c6672bd4-5513-4ba6-9405-8add34cdb3b9	9/8/13 7:32	9/8/13 7:33	9/8/13 7:34	CompletedSuccess
SN1SRPUTLXI05_EXP_FSSEventLogsReports	SN1SRPUTLXI05	EXP_FSSEventLogsReports	64415aa2-4d35-4e02-acc0-de32f35b36c0	9/8/13 7:35	9/8/13 7:36	9/8/13 7:43	CompletedSuccess
CO1SRPUTLDI04_JMRUrlExtractor	CO1SRPUTLDI04	JMRUrlExtractor	bb7a4adf-4e6c-4cb0-b4ef-850c62e0aeef	9/8/13 7:38	9/8/13 7:39	9/8/13 7:43	CompletedSuccess
SN1SRPUTLXI07_INC_PADMANR_DeletesV2	SN1SRPUTLXI07	INC_PADMANR_DeletesV2	15c775f4-6401-4bd0-8431-d382bc051de6	9/8/13 7:39	9/8/13 7:40	9/8/13 7:49	CompletedSuccess
SN1SRPUTLAI09_ScomDataForFeaturization	SN1SRPUTLAI09	ScomDataForFeaturization	ec2ff941-45b2-40bf-9f59-db737113d033	9/8/13 7:39	9/8/13 7:40	9/8/13 7:42	CompletedSuccess
CO1SRPUTLDI05_RAPUrlExtractor	CO1SRPUTLDI05	RAPUrlExtractor	17be15b8-124d-4493-8e3a-12b3a9ab509d	9/8/13 7:42	9/8/13 7:43	9/8/13 7:46	CompletedSuccess
SN1SRPUTLXI05_EXP_MHViewErrors	SN1SRPUTLXI05	EXP_MHViewErrors	4a315b3e-5f98-46b0-8ff9-cc892228d504	9/8/13 7:42	9/8/13 7:43	9/8/13 7:44	CompletedSuccess
SN1SRPUTLXI07_INC_PADMANR_MuesMalware	SN1SRPUTLXI07	INC_PADMANR_MuesMalware	bbc5bb27-0532-4732-b1b1-b24747b79951	9/8/13 7:48	9/8/13 7:50	9/8/13 8:05	CompletedFailure
SN1SRPUTLAI09_Report_MHV21stats	SN1SRPUTLAI09	Report_MHV21stats	cf0c61ed-1bc0-4b7d-84bb-65795fb1dded	9/8/13 7:56	9/8/13 7:57	9/8/13 8:00	CompletedSuccess
SN1SRPUTLAI07_INT_Report_UrlBlock	SN1SRPUTLAI07	INT_Report_UrlBlock	8aafd7f8-6ebd-4f07-aa86-e2c9c37a30e7	9/8/13 7:57	9/8/13 7:58	9/8/13 7:59	CompletedSuccess
SN1SRPUTLAI07_MalwareUrlBlockRelated	SN1SRPUTLAI07	MalwareUrlBlockRelated	c9804936-b232-4955-949b-f6f4d64c2ccc	9/8/13 7:58	9/8/13 7:58	9/8/13 8:07	CompletedSuccess
SN1SRPUTLXI06_EXP_TelemetryViewV5Errors	SN1SRPUTLXI06	EXP_TelemetryViewV5Errors	2cade2c2-51b8-4faf-84e5-33f941f2a478	9/8/13 7:59	9/8/13 8:01	9/8/13 8:03	CompletedSuccess
SN1SRPUTLAI09_INT_PullTheWebZip	SN1SRPUTLAI09	INT_PullTheWebZip	348e1f81-f1c9-4eef-875d-651761ae7c03	9/8/13 8:08	9/8/13 8:10	9/8/13 8:23	CompletedSuccess
SN1SRPUTLAI09_ScomDataForFeaturization	SN1SRPUTLAI09	ScomDataForFeaturization	80f28578-325a-407c-b119-bf5471d52fee	9/8/13 8:09	9/8/13 8:10	9/8/13 8:12	CompletedSuccess
SN1SRPUTLXI07_INC_PADMANR_GenerateWindowsStoreMHHourlyStream	SN1SRPUTLXI07	INC_PADMANR_GenerateWindowsStoreMHHourlyStream	6491f7d0-f238-4c58-bc28-99e10388abfd	9/8/13 8:10	9/8/13 8:11	9/8/13 8:13	CompletedSuccess
SN1SRPUTLJI01_WWATelemetryV5Summarization	SN1SRPUTLJI01	WWATelemetryV5Summarization	bc505ec9-06f2-4230-bc73-2f58d720a209	9/8/13 8:15	9/8/13 8:16	9/8/13 8:33	CompletedSuccess
SN1SRPUTLAI07_INT_Report_MHV22stats	SN1SRPUTLAI07	INT_Report_MHV22stats	59e8cbc7-60eb-4db1-8483-39cf00be0c69	9/8/13 8:18	9/8/13 8:20	9/8/13 8:22	CompletedSuccess
SN1SRPUTLAI09_INT_Report_BPL_Prod	SN1SRPUTLAI09	INT_Report_BPL_Prod	b0090cbf-959d-453e-8cd8-7fe3d5ba2bf4	9/8/13 8:21	9/8/13 8:21	9/8/13 8:23	CompletedSuccess
CO1SRPUTLDI05_RAPUrlExtractor	CO1SRPUTLDI05	RAPUrlExtractor	66f8182a-1850-419d-b3f4-2ad788ed21cf	9/8/13 8:24	9/8/13 8:26	9/8/13 8:29	CompletedSuccess
SN1SRPUTLAI06_MalwareUrlBlockRelated	SN1SRPUTLAI06	MalwareUrlBlockRelated	f6ef876e-bd42-4a2c-9a30-e9be2f80f097	9/8/13 8:25	9/8/13 8:25	9/8/13 8:34	CompletedSuccess
MWUrlModel_Hourly2		WUrlModel_Hourly2	dfa6c637-a65d-4edb-a884-0a18c5314218	9/8/13 8:27	9/8/13 8:35	9/8/13 9:33	CompletedSuccess
SN1SRPUTLAI09_INT_Report_UrlBlock	SN1SRPUTLAI09	INT_Report_UrlBlock	62b20c92-1b8a-46dd-9c73-cc8c6cd1d22a	9/8/13 8:28	9/8/13 8:29	9/8/13 8:30	CompletedSuccess
SN1SRPUTLXI06_EXP_UrsViewV5Errors	SN1SRPUTLXI06	EXP_UrsViewV5Errors	ddcbe6d0-4994-4beb-bb12-05499fd33c38	9/8/13 8:30	9/8/13 8:30	9/8/13 8:32	CompletedSuccess
SN1SRPUTLAI10_INT_MH_RE_retry_VIEW	SN1SRPUTLAI10	INT_MH_RE_retry_VIEW	7c46043d-3670-415d-ae8a-956c9db7e6bb	9/8/13 8:32	9/8/13 8:32	9/8/13 8:34	CompletedSuccess
SN1SRPUTLXI05_EXP_FSSEventLogsReports	SN1SRPUTLXI05	EXP_FSSEventLogsReports	6ed320b7-81fa-454e-aa27-faf86d411383	9/8/13 8:35	9/8/13 8:36	9/8/13 8:44	CompletedSuccess
CO1SRPUTLDI04_JMRUrlExtractor	CO1SRPUTLDI04	JMRUrlExtractor	38f969e3-7d19-477b-9d78-f9f32a87032a	9/8/13 8:38	9/8/13 8:39	9/8/13 8:45	CompletedSuccess
SN1SRPUTLXI07_INC_PADMANR_DeletesV2	SN1SRPUTLXI07	INC_PADMANR_DeletesV2	661ed4e2-17df-47db-92d2-d63952da5b5e	9/8/13 8:39	9/8/13 8:40	9/8/13 8:51	CompletedSuccess
SN1SRPUTLAI09_ScomDataForFeaturization	SN1SRPUTLAI09	ScomDataForFeaturization	88f687d2-64f0-4d48-bdaf-c2761a26696a	9/8/13 8:40	9/8/13 8:41	9/8/13 8:43	CompletedSuccess
SN1SRPUTLXI05_EXP_MHViewErrors	SN1SRPUTLXI05	EXP_MHViewErrors	5c004385-bb71-4c8c-b082-139a60ff6a23	9/8/13 8:42	9/8/13 8:43	9/8/13 8:44	CompletedSuccess
SN1SRPUTLXI07_INC_PADMANR_MuesMalware	SN1SRPUTLXI07	INC_PADMANR_MuesMalware	0d711155-0d14-42f9-b596-cb7544fa5d7c	9/8/13 8:48	9/8/13 8:50	9/8/13 9:10	CompletedFailure
SN1SRPUTLAI06_MalwareUrlBlockRelated	SN1SRPUTLAI06	MalwareUrlBlockRelated	4ebc8a67-02bb-4052-a45c-766ffd6b8129	9/8/13 8:52	9/8/13 8:52	9/8/13 9:00	CompletedSuccess
SN1SRPUTLAI11_Report_MHV21stats	SN1SRPUTLAI11	Report_MHV21stats	81d303a9-3911-402c-9a33-877628ddd5b2	9/8/13 8:56	9/8/13 8:58	9/8/13 9:00	CompletedSuccess
SN1SRPUTLXI06_EXP_TelemetryViewV5Errors	SN1SRPUTLXI06	EXP_TelemetryViewV5Errors	bb54093c-e11b-4b19-a730-1347339f0ae2	9/8/13 8:59	9/8/13 9:00	9/8/13 9:02	CompletedSuccess
SN1SRPUTLAI09_INT_Report_UrlBlock	SN1SRPUTLAI09	INT_Report_UrlBlock	15cb3194-f101-4c6b-8696-195046665d03	9/8/13 9:00	9/8/13 9:00	9/8/13 9:00	CompletedSuccess
CO1SRPUTLDI05_RAPUrlExtractor	CO1SRPUTLDI05	RAPUrlExtractor	12bfe044-84c3-4381-998f-3253352b9f5a	9/8/13 9:08	9/8/13 9:09	9/8/13 9:12	CompletedSuccess
SN1SRPUTLAI11_INT_PullTheWebZip	SN1SRPUTLAI11	INT_PullTheWebZip	73937252-5c1a-48b3-ba0d-b2c83fdc4773	9/8/13 9:08	9/8/13 9:10	9/8/13 9:20	CompletedSuccess
SN1SRPUTLAI09_ScomDataForFeaturization	SN1SRPUTLAI09	ScomDataForFeaturization	a0093d59-7c12-4e42-b22f-2666d1b1df86	9/8/13 9:10	9/8/13 9:10	9/8/13 9:13	CompletedSuccess
SN1SRPUTLXI07_INC_PADMANR_GenerateWindowsStoreMHHourlyStream	SN1SRPUTLXI07	INC_PADMANR_GenerateWindowsStoreMHHourlyStream	576c71c6-6b9a-448e-955b-091510183cf8	9/8/13 9:10	9/8/13 9:11	9/8/13 9:13	CompletedSuccess
SN1SRPUTLAI11_INT_MH_RE_retry_VIEW	SN1SRPUTLAI11	INT_MH_RE_retry_VIEW	de2cf8db-a242-4dea-b847-880579700200	9/8/13 9:11	9/8/13 9:12	9/8/13 9:14	CompletedSuccess
SN1SRPUTLJI02_WWATelemetryV5Summarization	SN1SRPUTLJI02	WWATelemetryV5Summarization	2b8f079a-4bc5-4208-a87b-bd279648fd2b	9/8/13 9:15	9/8/13 9:16	9/8/13 9:27	CompletedSuccess
SN1SRPUTLAI06_INT_Report_MHV22stats	SN1SRPUTLAI06	INT_Report_MHV22stats	02e26d0a-6a0d-4484-b32a-4bc1aef1dd10	9/8/13 9:18	9/8/13 9:19	9/8/13 9:21	CompletedSuccess
SN1SRPUTLAI09_MalwareUrlBlockRelated	SN1SRPUTLAI09	MalwareUrlBlockRelated	86b191ea-9038-476b-bd77-c75c2f056100	9/8/13 9:19	9/8/13 9:19	9/8/13 9:27	CompletedSuccess
SN1SRPUTLAI10_INT_Report_BPL_Prod	SN1SRPUTLAI10	INT_Report_BPL_Prod	dfccf959-ca04-4609-a560-5ee0fb09b7c8	9/8/13 9:21	9/8/13 9:21	9/8/13 9:23	CompletedSuccess
SN1SRPUTLXI06_EXP_UrsViewV5Errors	SN1SRPUTLXI06	EXP_UrsViewV5Errors	97f7c95d-e113-4eb5-9b41-79508c56c745	9/8/13 9:29	9/8/13 9:30	9/8/13 9:31	CompletedSuccess
SN1SRPUTLAI09_INT_Report_UrlBlock	SN1SRPUTLAI09	INT_Report_UrlBlock	ead0dc09-78cf-403a-8343-00e7124123e4	9/8/13 9:30	9/8/13 9:31	9/8/13 9:32	CompletedSuccess
SN1SRPUTLAI09_INT_MH_RE_retry_VIEW	SN1SRPUTLAI09	INT_MH_RE_retry_VIEW	328e219b-3d34-4647-8219-993ce29695a3	9/8/13 9:32	9/8/13 9:33	9/8/13 9:34	CompletedSuccess
SN1SRPUTLXI05_EXP_FSSEventLogsReports	SN1SRPUTLXI05	EXP_FSSEventLogsReports	207adce3-f7a6-4a4b-a74a-31e27440a4a9	9/8/13 9:35	9/8/13 9:36	9/8/13 9:45	CompletedSuccess
CO1SRPUTLDI04_JMRUrlExtractor	CO1SRPUTLDI04	JMRUrlExtractor	5c5e8c13-1dcd-4d57-a6af-288e234e89f6	9/8/13 9:38	9/8/13 9:39	9/8/13 9:46	CompletedSuccess
SN1SRPUTLXI07_INC_PADMANR_DeletesV2	SN1SRPUTLXI07	INC_PADMANR_DeletesV2	846be349-e0d9-433d-9544-ec03946ffd60	9/8/13 9:39	9/8/13 9:40	9/8/13 9:52	CompletedSuccess
SN1SRPUTLAI07_ScomDataForFeaturization	SN1SRPUTLAI07	ScomDataForFeaturization	c95e7bf4-63aa-4a42-9c8b-ac5464fa23d7	9/8/13 9:40	9/8/13 9:40	9/8/13 9:42	CompletedSuccess
SN1SRPUTLXI05_EXP_MHViewErrors	SN1SRPUTLXI05	EXP_MHViewErrors	9108fcec-efe7-414b-94d0-2cffab73e55d	9/8/13 9:42	9/8/13 9:43	9/8/13 9:45	CompletedSuccess
SN1SRPUTLAI11_MalwareUrlBlockRelated	SN1SRPUTLAI11	MalwareUrlBlockRelated	b19f285e-3113-4e8b-9de6-e2006408b47c	9/8/13 9:44	9/8/13 9:44	9/8/13 10:01	CompletedSuccess
SN1SRPUTLXI07_INC_PADMANR_MuesMalware	SN1SRPUTLXI07	INC_PADMANR_MuesMalware	09097ef6-fd74-43b0-a0de-40531aef5dac	9/8/13 9:47	9/8/13 9:49	9/8/13 10:04	CompletedFailure
CO1SRPUTLDI05_RAPUrlExtractor	CO1SRPUTLDI05	RAPUrlExtractor	d9dbd120-a752-44cb-b4c4-e78598acddbe	9/8/13 9:51	9/8/13 9:53	9/8/13 9:57	CompletedSuccess
SN1SRPUTLAI07_Report_MHV21stats	SN1SRPUTLAI07	Report_MHV21stats	a714f792-43e4-4fe4-b117-eba71b9c70e6	9/8/13 9:58	9/8/13 9:59	9/8/13 10:02	CompletedSuccess
SN1SRPUTLXI06_EXP_TelemetryViewV5Errors	SN1SRPUTLXI06	EXP_TelemetryViewV5Errors	1c352296-519c-4461-94a8-ddc8b1f25930	9/8/13 9:59	9/8/13 10:00	9/8/13 10:03	CompletedSuccess
SN1SRPUTLAI07_INT_PullTheWebZip	SN1SRPUTLAI07	INT_PullTheWebZip	984e510b-f7eb-4980-ba71-d4aacd087e0d	9/8/13 10:08	9/8/13 10:10	9/8/13 10:24	CompletedSuccess
SN1SRPUTLAI07_ScomDataForFeaturization	SN1SRPUTLAI07	ScomDataForFeaturization	64884f37-e5a8-4619-994b-dd4b5b518db8	9/8/13 10:10	9/8/13 10:10	9/8/13 10:13	CompletedSuccess
SN1SRPUTLXI07_INC_PADMANR_GenerateWindowsStoreMHHourlyStream	SN1SRPUTLXI07	INC_PADMANR_GenerateWindowsStoreMHHourlyStream	938167dc-8013-431a-af09-a464578eecc7	9/8/13 10:10	9/8/13 10:11	9/8/13 10:13	CompletedSuccess
SN1SRPUTLJI02_WWATelemetryV5Summarization	SN1SRPUTLJI02	WWATelemetryV5Summarization	bffe7693-6afb-40e5-8d3a-9b04defb3e24	9/8/13 10:15	9/8/13 10:16	9/8/13 10:37	CompletedSuccess
SN1SRPUTLAI07_INT_Report_MHV22stats	SN1SRPUTLAI07	INT_Report_MHV22stats	7b43b90e-9f2a-442c-bf4e-9442f43443ca	9/8/13 10:18	9/8/13 10:19	9/8/13 10:21	CompletedSuccess
SN1SRPUTLAI11_MalwareUrlBlockRelated	SN1SRPUTLAI11	MalwareUrlBlockRelated	1e23b673-f185-4fa9-9bff-7fe61b4c982e	9/8/13 10:20	9/8/13 10:20	9/8/13 10:28	CompletedSuccess
SN1SRPUTLAI07_INT_Report_BPL_Prod	SN1SRPUTLAI07	INT_Report_BPL_Prod	2f968fdb-60e1-4076-b645-b60d34d2ac9c	9/8/13 10:21	9/8/13 10:22	9/8/13 10:23	CompletedSuccess
MWUrlModel_Hourly2		WUrlModel_Hourly2	72c592e3-a18f-4293-8857-2551badfb9f0	9/8/13 10:27	9/8/13 10:43	9/8/13 11:42	CompletedSuccess
SN1SRPUTLXI06_EXP_UrsViewV5Errors	SN1SRPUTLXI06	EXP_UrsViewV5Errors	590db313-8337-4435-9ea5-3bf7b1ac2a3c	9/8/13 10:29	9/8/13 10:30	9/8/13 10:32	CompletedSuccess
SN1SRPUTLAI11_INT_MH_RE_retry_VIEW	SN1SRPUTLAI11	INT_MH_RE_retry_VIEW	bee81b93-150a-4874-95af-5065479ee3eb	9/8/13 10:32	9/8/13 10:35	9/8/13 10:36	CompletedSuccess
CO1SRPUTLDI05_RAPUrlExtractor	CO1SRPUTLDI05	RAPUrlExtractor	ab9752a7-cd73-439f-a4c8-cfb2295f9a43	9/8/13 10:34	9/8/13 10:36	9/8/13 10:39	CompletedSuccess
SN1SRPUTLAI07_INT_Report_UrlBlock	SN1SRPUTLAI07	INT_Report_UrlBlock	9d94a346-177b-4327-be4c-6c0f6ecfcfd8	9/8/13 10:35	9/8/13 10:35	9/8/13 10:36	CompletedSuccess
MJOLSON10_test	MJOLSON10	test	9982797d-d07e-4409-a864-f334d84cdb2f	9/8/13 10:35	9/8/13 10:35	9/8/13 10:37	CompletedSuccess
SN1SRPUTLXI05_EXP_FSSEventLogsReports	SN1SRPUTLXI05	EXP_FSSEventLogsReports	86356719-dc4b-4164-839f-43b07d0e49e6	9/8/13 10:35	9/8/13 10:36	9/8/13 10:46	CompletedSuccess
MJOLSON10_test	MJOLSON10	test	a7ef262e-9a51-4f15-8ce2-30278d3a6a9b	9/8/13 10:36	9/8/13 10:36	9/8/13 10:38	CompletedSuccess
CO1SRPUTLDI04_JMRUrlExtractor	CO1SRPUTLDI04	JMRUrlExtractor	f6070383-8b38-4532-ad66-4326fc79eb9e	9/8/13 10:38	9/8/13 10:39	9/8/13 10:56	CompletedSuccess
SN1SRPUTLXI07_INC_PADMANR_DeletesV2	SN1SRPUTLXI07	INC_PADMANR_DeletesV2	0da3fe56-7156-4dd8-9d5f-56b6d1f612eb	9/8/13 10:39	9/8/13 10:40	9/8/13 10:50	CompletedSuccess
MJOLSON10_test	MJOLSON10	test	54cd985b-13e2-4a3c-b229-c370d14dbf11	9/8/13 10:39	9/8/13 10:40	9/8/13 10:40	CompletedSuccess
SN1SRPUTLAI07_ScomDataForFeaturization	SN1SRPUTLAI07	ScomDataForFeaturization	cc337316-076b-4bd7-8d05-d60db433e4b5	9/8/13 10:40	9/8/13 10:41	9/8/13 10:43	CompletedSuccess
SN1SRPUTLXI05_EXP_MHViewErrors	SN1SRPUTLXI05	EXP_MHViewErrors	5f46f834-7a06-45d3-b14e-bf656fa56c55	9/8/13 10:42	9/8/13 10:43	9/8/13 10:44	CompletedSuccess
SN1SRPUTLAI06_MalwareUrlBlockRelated	SN1SRPUTLAI06	MalwareUrlBlockRelated	e92bad13-8b5b-4afb-ac95-8cfa7652f591	9/8/13 10:46	9/8/13 10:46	9/8/13 10:54	CompletedSuccess
SN1SRPUTLXI07_INC_PADMANR_MuesMalware	SN1SRPUTLXI07	INC_PADMANR_MuesMalware	38302751-354c-4cde-bc18-f69cab2c324f	9/8/13 10:48	9/8/13 10:50	9/8/13 11:08	CompletedFailure
SN1SRPUTLAI11_Report_MHV21stats	SN1SRPUTLAI11	Report_MHV21stats	c83e9856-f0c7-4ca3-95ca-ae96e19b2fcd	9/8/13 10:56	9/8/13 10:58	9/8/13 11:00	CompletedSuccess
SN1SRPUTLXI06_EXP_TelemetryViewV5Errors	SN1SRPUTLXI06	EXP_TelemetryViewV5Errors	85a9e8fc-ecf3-40f8-b3b6-8c010cb6d4ab	9/8/13 10:59	9/8/13 11:00	9/8/13 11:03	CompletedSuccess
SN1SRPUTLAI07_INT_Report_UrlBlock	SN1SRPUTLAI07	INT_Report_UrlBlock	dd917ecb-f985-4a43-91e5-272703e3f85f	9/8/13 11:08	9/8/13 11:08	9/8/13 11:10	CompletedSuccess
SN1SRPUTLAI09_INT_PullTheWebZip	SN1SRPUTLAI09	INT_PullTheWebZip	2bc93221-3e46-448e-b90c-f09390f40a6d	9/8/13 11:09	9/8/13 11:10	9/8/13 11:20	CompletedSuccess
SN1SRPUTLAI06_ScomDataForFeaturization	SN1SRPUTLAI06	ScomDataForFeaturization	332c6f5b-e806-41e1-ac97-ed9e552a691a	9/8/13 11:10	9/8/13 11:10	9/8/13 11:13	CompletedSuccess
SN1SRPUTLXI07_INC_PADMANR_GenerateWindowsStoreMHHourlyStream	SN1SRPUTLXI07	INC_PADMANR_GenerateWindowsStoreMHHourlyStream	c6d4f57f-b0ba-447a-a08b-c756e4753e84	9/8/13 11:10	9/8/13 11:12	9/8/13 11:13	CompletedSuccess
SN1SRPUTLAI06_INT_MH_RE_retry_VIEW	SN1SRPUTLAI06	INT_MH_RE_retry_VIEW	54997286-78e8-4bcf-996f-687d23e20a52	9/8/13 11:11	9/8/13 11:12	9/8/13 11:13	CompletedSuccess
SN1SRPUTLAI08_MalwareUrlBlockRelated	SN1SRPUTLAI08	MalwareUrlBlockRelated	486ad0ea-9f2e-47b0-a3e6-3a633b5282d3	9/8/13 11:12	9/8/13 11:12	9/8/13 11:20	CompletedSuccess
SN1SRPUTLJI01_WWATelemetryV5Summarization	SN1SRPUTLJI01	WWATelemetryV5Summarization	798bc28f-04f0-473a-9e5f-06145d5ebcff	9/8/13 11:15	9/8/13 11:16	9/8/13 11:24	CompletedSuccess
CO1SRPUTLDI05_RAPUrlExtractor	CO1SRPUTLDI05	RAPUrlExtractor	cd2e3ae8-06cc-4495-87d5-705525e9fbe7	9/8/13 11:18	9/8/13 11:19	9/8/13 11:23	CompletedSuccess
SN1SRPUTLAI09_INT_Report_MHV22stats	SN1SRPUTLAI09	INT_Report_MHV22stats	76aa7c40-7334-44a8-a9a4-80b39b1ab843	9/8/13 11:18	9/8/13 11:19	9/8/13 11:20	CompletedSuccess
SN1SRPUTLAI09_INT_Report_BPL_Prod	SN1SRPUTLAI09	INT_Report_BPL_Prod	63e583f4-2a74-4b66-aa80-feb153535b2a	9/8/13 11:21	9/8/13 11:22	9/8/13 11:23	CompletedSuccess
SN1SRPUTLXI06_EXP_UrsViewV5Errors	SN1SRPUTLXI06	EXP_UrsViewV5Errors	17dd85b6-efa6-415e-808d-cf063c5fee2b	9/8/13 11:29	9/8/13 11:30	9/8/13 11:31	CompletedSuccess
SN1SRPUTLAI06_INT_MH_RE_retry_VIEW	SN1SRPUTLAI06	INT_MH_RE_retry_VIEW	d37d3358-f775-41da-becf-5973e3f4ea2f	9/8/13 11:32	9/8/13 11:33	9/8/13 11:34	CompletedSuccess
SN1SRPUTLXI05_EXP_FSSEventLogsReports	SN1SRPUTLXI05	EXP_FSSEventLogsReports	88878159-19e0-49f1-a2d0-29e762841fe0	9/8/13 11:35	9/8/13 11:36	9/8/13 11:47	CompletedSuccess
SN1SRPUTLAI07_INT_Report_UrlBlock	SN1SRPUTLAI07	INT_Report_UrlBlock	b3469c1c-fc21-4895-9061-c6b6d3b327d9	9/8/13 11:37	9/8/13 11:38	9/8/13 11:39	CompletedSuccess
SN1SRPUTLAI07_MalwareUrlBlockRelated	SN1SRPUTLAI07	MalwareUrlBlockRelated	3e64d1b8-c451-447e-9001-baeba0a6a1e6	9/8/13 11:38	9/8/13 11:38	9/8/13 11:48	CompletedSuccess
CO1SRPUTLDI04_JMRUrlExtractor	CO1SRPUTLDI04	JMRUrlExtractor	1632e0cc-66fb-404e-9631-83b54f406d5c	9/8/13 11:38	9/8/13 11:40	9/8/13 11:50	CompletedSuccess
SN1SRPUTLXI07_INC_PADMANR_DeletesV2	SN1SRPUTLXI07	INC_PADMANR_DeletesV2	37f95ab8-3eab-4ebe-9c25-195263b6c655	9/8/13 11:39	9/8/13 11:41	9/8/13 11:55	CompletedSuccess
SN1SRPUTLAI11_ScomDataForFeaturization	SN1SRPUTLAI11	ScomDataForFeaturization	c83c8414-4b80-4268-bd76-1b14e3795ced	9/8/13 11:40	9/8/13 11:41	9/8/13 11:49	CompletedSuccess
SN1SRPUTLXI05_EXP_MHViewErrors	SN1SRPUTLXI05	EXP_MHViewErrors	deff2cde-a6eb-4d08-9c06-a74aebbaa3e0	9/8/13 11:42	9/8/13 11:43	9/8/13 11:45	CompletedSuccess
SN1SRPUTLXI07_INC_PADMANR_MuesMalware	SN1SRPUTLXI07	INC_PADMANR_MuesMalware	c5d35fbb-c811-4b1f-a49f-fc7c287ef1ab	9/8/13 11:48	9/8/13 11:51	9/8/13 12:04	CompletedFailure
SN1SRPUTLAI10_Report_MHV21stats	SN1SRPUTLAI10	Report_MHV21stats	3fcc15fc-5c47-4996-853e-270c5ac05d9e	9/8/13 11:56	9/8/13 11:58	9/8/13 12:00	CompletedSuccess
SN1SRPUTLXI06_EXP_TelemetryViewV5Errors	SN1SRPUTLXI06	EXP_TelemetryViewV5Errors	00513480-8b49-4458-8ad7-12a324067f35	9/8/13 11:59	9/8/13 12:00	9/8/13 12:03	CompletedSuccess
CO1SRPUTLDI05_RAPUrlExtractor	CO1SRPUTLDI05	RAPUrlExtractor	a5b7665d-4d51-44bf-905c-e22ca9c891a6	9/8/13 12:01	9/8/13 12:02	9/8/13 12:06	CompletedSuccess
ARv4		Rv4	81495634-a5a2-4aa0-b95d-a69e0176b747	9/8/13 12:01	9/8/13 12:02	9/8/13 12:04	CompletedSuccess
SN1SRPUTLAI07_MalwareUrlBlockRelated	SN1SRPUTLAI07	MalwareUrlBlockRelated	faab7201-ee97-40c6-8c47-72b07ccb7064	9/8/13 12:06	9/8/13 12:06	9/8/13 12:14	CompletedSuccess
SN1SRPUTLAI06_INT_PullTheWebZip	SN1SRPUTLAI06	INT_PullTheWebZip	9ddc05cc-b893-4042-a768-c872dad61f29	9/8/13 12:09	9/8/13 12:10	9/8/13 12:21	CompletedSuccess
SN1SRPUTLAI07_INT_Report_UrlBlock	SN1SRPUTLAI07	INT_Report_UrlBlock	61697139-e986-49c0-9829-1b11827ca7c5	9/8/13 12:09	9/8/13 12:09	9/8/13 12:10	CompletedSuccess
SN1SRPUTLAI08_ScomDataForFeaturization	SN1SRPUTLAI08	ScomDataForFeaturization	0ae43097-4bb3-47e7-aa88-d122b7d38462	9/8/13 12:10	9/8/13 12:11	9/8/13 12:13	CompletedSuccess
SN1SRPUTLXI07_INC_PADMANR_GenerateWindowsStoreMHHourlyStream	SN1SRPUTLXI07	INC_PADMANR_GenerateWindowsStoreMHHourlyStream	6f9b0bc9-b4a3-4bd8-b044-ca51282e0f88	9/8/13 12:10	9/8/13 12:11	9/8/13 12:14	CompletedSuccess
SN1SRPUTLJI01_WWATelemetryV5Summarization	SN1SRPUTLJI01	WWATelemetryV5Summarization	a4605dfc-0c1d-4afa-bc73-97ecb3acb0de	9/8/13 12:15	9/8/13 12:16	9/8/13 12:26	CompletedSuccess
SN1SRPUTLAI10_INT_Report_MHV22stats	SN1SRPUTLAI10	INT_Report_MHV22stats	834fb770-0770-403e-8658-fc4628403553	9/8/13 12:18	9/8/13 12:19	9/8/13 12:21	CompletedSuccess
SN1SRPUTLAI10_INT_Report_BPL_Prod	SN1SRPUTLAI10	INT_Report_BPL_Prod	009cb5ba-0171-4677-b75b-cf7e1d8e8b66	9/8/13 12:21	9/8/13 12:22	9/8/13 12:23	CompletedSuccess
MWUrlModel_Hourly2		WUrlModel_Hourly2	4932de85-942f-4094-9dbb-19f686c43a46	9/8/13 12:27	9/8/13 12:34	9/8/13 13:37	CompletedSuccess
SN1SRPUTLXI06_EXP_UrsViewV5Errors	SN1SRPUTLXI06	EXP_UrsViewV5Errors	987d8246-2a39-4980-8e27-47711e1e5251	9/8/13 12:29	9/8/13 12:30	9/8/13 12:31	CompletedSuccess
SN1SRPUTLAI08_INT_MH_RE_retry_VIEW	SN1SRPUTLAI08	INT_MH_RE_retry_VIEW	8c60ee59-95aa-4e6f-9881-2844f2ae2466	9/8/13 12:32	9/8/13 12:33	9/8/13 12:34	CompletedSuccess
SN1SRPUTLAI11_MalwareUrlBlockRelated	SN1SRPUTLAI11	MalwareUrlBlockRelated	472faf6b-5b1e-448a-8786-fec336cefaef	9/8/13 12:32	9/8/13 12:32	9/8/13 12:40	CompletedSuccess
SN1SRPUTLXI05_EXP_FSSEventLogsReports	SN1SRPUTLXI05	EXP_FSSEventLogsReports	0b19dcdb-ef69-4ef9-a746-9c4803a5ba5e	9/8/13 12:35	9/8/13 12:36	9/8/13 12:49	CompletedSuccess
SN1SRPUTLAI08_INT_Report_TopTraffic	SN1SRPUTLAI08	INT_Report_TopTraffic	33f02f73-7f5b-405e-97c0-d907d6de4895	9/8/13 12:38	9/8/13 12:39	9/8/13 12:40	CompletedSuccess
CO1SRPUTLDI04_JMRUrlExtractor	CO1SRPUTLDI04	JMRUrlExtractor	ffccebec-1050-4c55-95bb-9a1e3d1a046c	9/8/13 12:38	9/8/13 12:40	9/8/13 12:52	CompletedSuccess
SN1SRPUTLXI07_INC_PADMANR_DeletesV2	SN1SRPUTLXI07	INC_PADMANR_DeletesV2	38974446-8d99-472e-b03f-973bdce41785	9/8/13 12:39	9/8/13 12:41	9/8/13 12:54	CompletedSuccess
SN1SRPUTLAI10_INT_Report_UrlBlock	SN1SRPUTLAI10	INT_Report_UrlBlock	efd1d026-1f5f-4593-9d54-c8d195436193	9/8/13 12:39	9/8/13 12:40	9/8/13 12:41	CompletedSuccess
SN1SRPUTLAI07_ScomDataForFeaturization	SN1SRPUTLAI07	ScomDataForFeaturization	08d49fe0-9347-48fe-9341-82dbaa7da1fd	9/8/13 12:41	9/8/13 12:42	9/8/13 12:44	CompletedSuccess
SN1SRPUTLXI05_EXP_MHViewErrors	SN1SRPUTLXI05	EXP_MHViewErrors	23a88af6-14de-4931-9378-5e6f75c9be95	9/8/13 12:42	9/8/13 12:43	9/8/13 12:45	CompletedSuccess
CO1SRPUTLDI05_RAPUrlExtractor	CO1SRPUTLDI05	RAPUrlExtractor	c50002fd-0011-4635-9ce4-7f62a5198cf9	9/8/13 12:45	9/8/13 12:46	9/8/13 12:50	CompletedSuccess
SN1SRPUTLXI07_INC_PADMANR_MuesMalware	SN1SRPUTLXI07	INC_PADMANR_MuesMalware	953f8a33-c2c2-40b7-9c35-f4f514d36a7d	9/8/13 12:48	9/8/13 12:50	9/8/13 13:04	CompletedFailure
SN1SRPUTLAI08_Report_MHV21stats	SN1SRPUTLAI08	Report_MHV21stats	a9d4b8ff-21b8-4ccb-b7ec-85ce24c685a1	9/8/13 12:56	9/8/13 12:57	9/8/13 13:00	CompletedSuccess
SN1SRPUTLAI11_MalwareUrlBlockRelated	SN1SRPUTLAI11	MalwareUrlBlockRelated	35cf492d-e448-4edc-93de-09aa2d86dfaf	9/8/13 12:58	9/8/13 12:58	9/8/13 13:08	CompletedSuccess
SN1SRPUTLXI06_EXP_TelemetryViewV5Errors	SN1SRPUTLXI06	EXP_TelemetryViewV5Errors	dda58e88-f1e0-4124-b4f7-b9d18aa477a7	9/8/13 13:00	9/8/13 13:01	9/8/13 13:03	CompletedSuccess
SN1SRPUTLAI08_INT_PullTheWebZip	SN1SRPUTLAI08	INT_PullTheWebZip	e6daa49b-6cc3-43c4-a5c3-1e542a8832d5	9/8/13 13:09	9/8/13 13:10	9/8/13 13:29	CompletedSuccess
SN1SRPUTLAI10_ScomDataForFeaturization	SN1SRPUTLAI10	ScomDataForFeaturization	ff140718-a5a5-4e13-b281-f9541cb76235	9/8/13 13:10	9/8/13 13:11	9/8/13 13:15	CompletedSuccess
SN1SRPUTLXI07_INC_PADMANR_GenerateWindowsStoreMHHourlyStream	SN1SRPUTLXI07	INC_PADMANR_GenerateWindowsStoreMHHourlyStream	f961f7fb-62af-46b5-bde2-c4afc109ec9e	9/8/13 13:10	9/8/13 13:11	9/8/13 13:13	CompletedSuccess
SN1SRPUTLAI09_INT_Report_UrlBlock	SN1SRPUTLAI09	INT_Report_UrlBlock	969469a5-8edd-40dc-993b-9705ac41924c	9/8/13 13:11	9/8/13 13:11	9/8/13 13:12	CompletedSuccess
SN1SRPUTLAI08_INT_MH_RE_retry_VIEW	SN1SRPUTLAI08	INT_MH_RE_retry_VIEW	065f4a2d-d505-4462-97cf-868fe1764ae8	9/8/13 13:12	9/8/13 13:12	9/8/13 13:14	CompletedSuccess
SN1SRPUTLJI01_WWATelemetryV5Summarization	SN1SRPUTLJI01	WWATelemetryV5Summarization	be0ddb9e-1773-4302-be37-b9887a582a27	9/8/13 13:15	9/8/13 13:16	9/8/13 13:33	CompletedSuccess
SN1SRPUTLAI08_INT_Report_MHV22stats	SN1SRPUTLAI08	INT_Report_MHV22stats	1bf14001-c110-486a-a6dc-cd6c1ebb5280	9/8/13 13:18	9/8/13 13:19	9/8/13 13:20	CompletedSuccess
SN1SRPUTLAI08_INT_Report_BPL_Prod	SN1SRPUTLAI08	INT_Report_BPL_Prod	e0b99545-d8ca-40eb-be03-6ed92eddb1c9	9/8/13 13:21	9/8/13 13:22	9/8/13 13:23	CompletedSuccess
SN1SRPUTLAI09_MalwareUrlBlockRelated	SN1SRPUTLAI09	MalwareUrlBlockRelated	e875a3cb-5def-4dfe-928b-96a3410f9a68	9/8/13 13:26	9/8/13 13:26	9/8/13 13:34	CompletedSuccess
CO1SRPUTLDI05_RAPUrlExtractor	CO1SRPUTLDI05	RAPUrlExtractor	8b1942db-6783-4431-b3d6-a360d426ccc5	9/8/13 13:28	9/8/13 13:29	9/8/13 13:33	CompletedSuccess
SN1SRPUTLXI06_EXP_UrsViewV5Errors	SN1SRPUTLXI06	EXP_UrsViewV5Errors	3caa9888-bbdd-4b8c-8ae2-946d3e221e28	9/8/13 13:29	9/8/13 13:30	9/8/13 13:31	CompletedSuccess
SN1SRPUTLAI09_INT_MH_RE_retry_VIEW	SN1SRPUTLAI09	INT_MH_RE_retry_VIEW	3ed29332-a5d1-4f98-ba0e-922e00987c89	9/8/13 13:32	9/8/13 13:33	9/8/13 13:34	CompletedSuccess
SN1SRPUTLXI05_EXP_FSSEventLogsReports	SN1SRPUTLXI05	EXP_FSSEventLogsReports	0cf0feed-1f74-434b-9dfa-67fbcc228ed3	9/8/13 13:35	9/8/13 13:36	9/8/13 13:49	CompletedSuccess
CO1SRPUTLDI04_JMRUrlExtractor	CO1SRPUTLDI04	JMRUrlExtractor	34978aad-50a8-4035-bd79-c6be05b5ae1a	9/8/13 13:38	9/8/13 13:40	9/8/13 13:45	CompletedSuccess
SN1SRPUTLXI07_INC_PADMANR_DeletesV2	SN1SRPUTLXI07	INC_PADMANR_DeletesV2	8f741450-fde3-4998-9dfc-7e65a85b1dc2	9/8/13 13:39	9/8/13 13:41	9/8/13 13:51	CompletedSuccess
SN1SRPUTLAI11_ScomDataForFeaturization	SN1SRPUTLAI11	ScomDataForFeaturization	cf00a685-12c7-4b39-aaa6-904d0ad8b764	9/8/13 13:40	9/8/13 13:41	9/8/13 13:43	CompletedSuccess
SN1SRPUTLAI09_INT_Report_UrlBlock	SN1SRPUTLAI09	INT_Report_UrlBlock	0e42f1f4-1c3e-46bf-bdc6-9ebc2940f056	9/8/13 13:42	9/8/13 13:42	9/8/13 13:43	CompletedSuccess
SN1SRPUTLXI05_EXP_MHViewErrors	SN1SRPUTLXI05	EXP_MHViewErrors	b964b1a4-27d7-422d-b232-912de56eb285	9/8/13 13:42	9/8/13 13:43	9/8/13 13:45	CompletedSuccess
SN1SRPUTLXI07_INC_PADMANR_MuesMalware	SN1SRPUTLXI07	INC_PADMANR_MuesMalware	0c160dec-4594-44aa-bea9-9295c3fecff9	9/8/13 13:48	9/8/13 13:50	9/8/13 14:11	CompletedFailure
SN1SRPUTLAI08_MalwareUrlBlockRelated	SN1SRPUTLAI08	MalwareUrlBlockRelated	a37ef66f-95dd-4e71-a06c-a4cfd39cc8cc	9/8/13 13:52	9/8/13 13:52	9/8/13 14:00	CompletedSuccess
SN1SRPUTLAI10_Report_MHV21stats	SN1SRPUTLAI10	Report_MHV21stats	e66d8d6c-698d-4062-abe4-6b622d36ccb2	9/8/13 13:56	9/8/13 13:57	9/8/13 14:00	CompletedSuccess
SN1SRPUTLXI06_EXP_TelemetryViewV5Errors	SN1SRPUTLXI06	EXP_TelemetryViewV5Errors	0a5deff0-90bc-4954-9745-be106d0fd89c	9/8/13 14:00	9/8/13 14:00	9/8/13 14:04	CompletedSuccess
SN1SRPUTLAI09_INT_PullTheWebZip	SN1SRPUTLAI09	INT_PullTheWebZip	74801b0d-a6b8-4f33-a9c9-51f867131069	9/8/13 14:09	9/8/13 14:10	9/8/13 14:27	CompletedSuccess
SN1SRPUTLAI08_ScomDataForFeaturization	SN1SRPUTLAI08	ScomDataForFeaturization	4b93ad01-336d-4f5e-bdc4-212f44f4f143	9/8/13 14:10	9/8/13 14:11	9/8/13 14:14	CompletedSuccess
SN1SRPUTLXI07_INC_PADMANR_GenerateWindowsStoreMHHourlyStream	SN1SRPUTLXI07	INC_PADMANR_GenerateWindowsStoreMHHourlyStream	0ff6cad2-fa3f-45a4-a007-957edae379a4	9/8/13 14:11	9/8/13 14:12	9/8/13 14:13	CompletedSuccess
CO1SRPUTLDI05_RAPUrlExtractor	CO1SRPUTLDI05	RAPUrlExtractor	db0976a4-9d9b-4a2b-a2a2-594ed3d47bc4	9/8/13 14:11	9/8/13 14:13	9/8/13 14:16	CompletedSuccess
SN1SRPUTLAI11_INT_Report_UrlBlock	SN1SRPUTLAI11	INT_Report_UrlBlock	a5c2480d-d0ec-406a-80ea-0003a8de0e29	9/8/13 14:14	9/8/13 14:14	9/8/13 14:15	CompletedSuccess
SN1SRPUTLJI02_WWATelemetryV5Summarization	SN1SRPUTLJI02	WWATelemetryV5Summarization	f10e34ce-e00c-4cb2-90e6-89571da1c0ad	9/8/13 14:15	9/8/13 14:16	9/8/13 14:29	CompletedSuccess
SN1SRPUTLAI09_INT_Report_MHV22stats	SN1SRPUTLAI09	INT_Report_MHV22stats	bc71b51b-14f2-4221-9cc7-857ad9668b00	9/8/13 14:18	9/8/13 14:19	9/8/13 14:21	CompletedSuccess
SN1SRPUTLAI09_MalwareUrlBlockRelated	SN1SRPUTLAI09	MalwareUrlBlockRelated	f8e39e15-d787-419b-b0f8-8592e8eb17c1	9/8/13 14:19	9/8/13 14:19	9/8/13 14:27	CompletedSuccess
SN1SRPUTLAI09_INT_Report_BPL_Prod	SN1SRPUTLAI09	INT_Report_BPL_Prod	5e0b0011-839e-4c67-9f80-136ddd3b21c7	9/8/13 14:21	9/8/13 14:23	9/8/13 14:24	CompletedSuccess
MWUrlModel_Hourly2		WUrlModel_Hourly2	7428f28a-6f69-4c28-a31d-63ed71a5741d	9/8/13 14:27	9/8/13 14:35	9/8/13 16:03	CompletedSuccess
SN1SRPUTLXI06_EXP_UrsViewV5Errors	SN1SRPUTLXI06	EXP_UrsViewV5Errors	02abd814-366f-4ef8-b3c0-ca7eaffcca33	9/8/13 14:29	9/8/13 14:30	9/8/13 14:31	CompletedSuccess
SN1SRPUTLAI06_INT_MH_RE_retry_VIEW	SN1SRPUTLAI06	INT_MH_RE_retry_VIEW	9bfc2583-a111-4b49-8f5b-bf8e597f0055	9/8/13 14:32	9/8/13 14:33	9/8/13 14:35	CompletedSuccess
SN1SRPUTLXI05_EXP_FSSEventLogsReports	SN1SRPUTLXI05	EXP_FSSEventLogsReports	d3fa1167-a7ed-4f58-a05e-b49b018b2450	9/8/13 14:35	9/8/13 14:36	9/8/13 14:49	CompletedSuccess
CO1SRPUTLDI04_JMRUrlExtractor	CO1SRPUTLDI04	JMRUrlExtractor	69a5265e-d22b-43de-a4c4-d11fc650f5fa	9/8/13 14:39	9/8/13 14:40	9/8/13 14:46	CompletedSuccess
SN1SRPUTLXI07_INC_PADMANR_DeletesV2	SN1SRPUTLXI07	INC_PADMANR_DeletesV2	a0ea2603-76f5-421a-b787-c3fd95ce21bc	9/8/13 14:39	9/8/13 14:40	9/8/13 14:51	CompletedSuccess
SN1SRPUTLAI06_ScomDataForFeaturization	SN1SRPUTLAI06	ScomDataForFeaturization	869e4313-eb25-4247-a886-ab5c75644eda	9/8/13 14:40	9/8/13 14:41	9/8/13 14:43	CompletedSuccess
SN1SRPUTLXI05_EXP_MHViewErrors	SN1SRPUTLXI05	EXP_MHViewErrors	a30a830d-b18d-42c4-bd69-35c171ceb2c9	9/8/13 14:42	9/8/13 14:43	9/8/13 14:45	CompletedSuccess
SN1SRPUTLAI08_INT_Report_UrlBlock	SN1SRPUTLAI08	INT_Report_UrlBlock	d2549529-a738-407c-bb3d-8a634359c73d	9/8/13 14:44	9/8/13 14:45	9/8/13 14:46	CompletedSuccess
SN1SRPUTLAI09_MalwareUrlBlockRelated	SN1SRPUTLAI09	MalwareUrlBlockRelated	6124db6d-f90a-4eee-8095-24cc55b05566	9/8/13 14:45	9/8/13 14:45	9/8/13 14:54	CompletedSuccess
SN1SRPUTLXI07_INC_PADMANR_MuesMalware	SN1SRPUTLXI07	INC_PADMANR_MuesMalware	fdddbb8e-cde8-487d-89ac-9824b9127b8c	9/8/13 14:48	9/8/13 14:50	9/8/13 15:10	CompletedFailure
CO1SRPUTLDI05_RAPUrlExtractor	CO1SRPUTLDI05	RAPUrlExtractor	dde19e4b-10d3-4551-9c72-3efee38300ce	9/8/13 14:54	9/8/13 14:55	9/8/13 14:59	CompletedSuccess
SN1SRPUTLAI08_Report_MHV21stats	SN1SRPUTLAI08	Report_MHV21stats	8301bf6e-dc3c-43aa-898f-0e5f799cfef7	9/8/13 14:57	9/8/13 14:58	9/8/13 15:01	CompletedSuccess
SN1SRPUTLXI06_EXP_TelemetryViewV5Errors	SN1SRPUTLXI06	EXP_TelemetryViewV5Errors	fd448e9f-a448-4151-b061-2e319fc8b34c	9/8/13 15:00	9/8/13 15:00	9/8/13 15:03	CompletedSuccess
SN1SRPUTLAI08_INT_PullTheWebZip	SN1SRPUTLAI08	INT_PullTheWebZip	52572e5f-8980-49ea-86d9-e5fa23ec84de	9/8/13 15:09	9/8/13 15:11	9/8/13 15:20	CompletedSuccess
SN1SRPUTLAI07_ScomDataForFeaturization	SN1SRPUTLAI07	ScomDataForFeaturization	4889757e-f8ee-4d6f-a26f-dac563707546	9/8/13 15:10	9/8/13 15:11	9/8/13 15:13	CompletedSuccess
SN1SRPUTLXI07_INC_PADMANR_GenerateWindowsStoreMHHourlyStream	SN1SRPUTLXI07	INC_PADMANR_GenerateWindowsStoreMHHourlyStream	d39d476e-2df0-46e6-91b6-03eabaa69a4e	9/8/13 15:10	9/8/13 15:11	9/8/13 15:13	CompletedSuccess
SN1SRPUTLAI07_INT_MH_RE_retry_VIEW	SN1SRPUTLAI07	INT_MH_RE_retry_VIEW	ca2b7aac-9ad8-4cbd-86f1-e26834f99b3b	9/8/13 15:11	9/8/13 15:12	9/8/13 15:13	CompletedSuccess
SN1SRPUTLAI06_MalwareUrlBlockRelated	SN1SRPUTLAI06	MalwareUrlBlockRelated	cb27d950-6b03-4484-9e52-71a7ed93dc17	9/8/13 15:12	9/8/13 15:12	9/8/13 15:22	CompletedSuccess
SN1SRPUTLJI01_WWATelemetryV5Summarization	SN1SRPUTLJI01	WWATelemetryV5Summarization	776a2c52-3afd-4911-8168-5d9ff835e462	9/8/13 15:15	9/8/13 15:16	9/8/13 15:33	CompletedSuccess
SN1SRPUTLAI08_INT_Report_UrlBlock	SN1SRPUTLAI08	INT_Report_UrlBlock	ae3500c6-035a-4b56-871c-e222151510d4	9/8/13 15:15	9/8/13 15:16	9/8/13 15:17	CompletedSuccess
SN1SRPUTLAI08_INT_Report_MHV22stats	SN1SRPUTLAI08	INT_Report_MHV22stats	44a34a0c-61c4-471c-8b11-fd73b2798387	9/8/13 15:18	9/8/13 15:19	9/8/13 15:21	CompletedSuccess
SN1SRPUTLAI08_INT_Report_BPL_Prod	SN1SRPUTLAI08	INT_Report_BPL_Prod	4ae9078d-9a01-4e96-b658-fa35ca833035	9/8/13 15:21	9/8/13 15:22	9/8/13 15:25	CompletedSuccess
SN1SRPUTLXI06_EXP_UrsViewV5Errors	SN1SRPUTLXI06	EXP_UrsViewV5Errors	7405b6bb-67a7-4988-be5f-23838bc66a8f	9/8/13 15:30	9/8/13 15:30	9/8/13 15:32	CompletedSuccess
SN1SRPUTLAI11_INT_MH_RE_retry_VIEW	SN1SRPUTLAI11	INT_MH_RE_retry_VIEW	750cf301-5371-4270-9f16-464ebcac3468	9/8/13 15:32	9/8/13 15:33	9/8/13 15:34	CompletedSuccess
SN1SRPUTLXI06_EXP_AppRepViewV5Errors	SN1SRPUTLXI06	EXP_AppRepViewV5Errors	a40e438a-831c-4ece-b303-e7ad494c5b4d	9/8/13 15:34	9/8/13 15:34	9/8/13 15:38	CompletedSuccess
SN1SRPUTLXI05_EXP_FSSEventLogsReports	SN1SRPUTLXI05	EXP_FSSEventLogsReports	c23afcfd-75a3-431a-8f14-51c945235d15	9/8/13 15:35	9/8/13 15:36	9/8/13 15:51	CompletedSuccess
CO1SRPUTLDI05_RAPUrlExtractor	CO1SRPUTLDI05	RAPUrlExtractor	20e5ff28-587c-4383-9960-bd5bc507cb2a	9/8/13 15:38	9/8/13 15:39	9/8/13 15:43	CompletedSuccess
CO1SRPUTLDI04_JMRUrlExtractor	CO1SRPUTLDI04	JMRUrlExtractor	293c7417-a6b4-483a-8502-847bc0708893	9/8/13 15:39	9/8/13 15:40	9/8/13 15:47	CompletedSuccess
SN1SRPUTLXI07_INC_PADMANR_DeletesV2	SN1SRPUTLXI07	INC_PADMANR_DeletesV2	63598b12-2ef6-457b-b5a1-46b3dcad4f7f	9/8/13 15:39	9/8/13 15:41	9/8/13 15:55	CompletedSuccess
SN1SRPUTLAI09_ScomDataForFeaturization	SN1SRPUTLAI09	ScomDataForFeaturization	3963c2e2-39f6-44a5-9520-b979724e855e	9/8/13 15:40	9/8/13 15:41	9/8/13 15:43	CompletedSuccess
SN1SRPUTLAI11_MalwareUrlBlockRelated	SN1SRPUTLAI11	MalwareUrlBlockRelated	60094581-fb66-49a4-8127-eca0efc63d73	9/8/13 15:40	9/8/13 15:40	9/8/13 15:48	CompletedSuccess
SN1SRPUTLXI05_EXP_MHViewErrors	SN1SRPUTLXI05	EXP_MHViewErrors	1642f932-354e-4b31-8a35-feaa50c63e52	9/8/13 15:42	9/8/13 15:43	9/8/13 15:45	CompletedSuccess
SN1SRPUTLAI11_INT_Report_UrlBlock	SN1SRPUTLAI11	INT_Report_UrlBlock	75c951f3-725e-47f1-a63e-6943d17b5cb2	9/8/13 15:47	9/8/13 15:48	9/8/13 15:49	CompletedSuccess
SN1SRPUTLXI07_INC_PADMANR_MuesMalware	SN1SRPUTLXI07	INC_PADMANR_MuesMalware	bec72aa8-7f38-4d26-85a7-779d700beda4	9/8/13 15:48	9/8/13 15:50	9/8/13 16:06	CompletedFailure
SN1SRPUTLAI09_Report_MHV21stats	SN1SRPUTLAI09	Report_MHV21stats	9f763e68-b440-4ee7-872a-4d57036247ef	9/8/13 15:56	9/8/13 15:58	9/8/13 16:01	CompletedSuccess
SN1SRPUTLXI06_EXP_TelemetryViewV5Errors	SN1SRPUTLXI06	EXP_TelemetryViewV5Errors	9c2b57a1-cfaf-4b80-820e-5a12d2c671ca	9/8/13 16:00	9/8/13 16:01	9/8/13 16:03	CompletedSuccess
SN1SRPUTLAI11_MalwareUrlBlockRelated	SN1SRPUTLAI11	MalwareUrlBlockRelated	130c8786-36ea-45b0-a6c7-5f5c7c39a552	9/8/13 16:06	9/8/13 16:06	9/8/13 16:14	CompletedSuccess
SN1SRPUTLAI09_INT_PullTheWebZip	SN1SRPUTLAI09	INT_PullTheWebZip	f1f64511-5db6-4e03-bdea-4650a8e04208	9/8/13 16:09	9/8/13 16:10	9/8/13 16:21	CompletedSuccess
SN1SRPUTLAI07_ScomDataForFeaturization	SN1SRPUTLAI07	ScomDataForFeaturization	c508b3aa-f132-49f9-a855-f58a0f5f65a3	9/8/13 16:10	9/8/13 16:11	9/8/13 16:13	CompletedSuccess
SN1SRPUTLXI07_INC_PADMANR_GenerateWindowsStoreMHHourlyStream	SN1SRPUTLXI07	INC_PADMANR_GenerateWindowsStoreMHHourlyStream	a0a094b8-e1b6-4210-a3bb-ab378a0ab249	9/8/13 16:11	9/8/13 16:12	9/8/13 16:13	CompletedSuccess
SN1SRPUTLJI01_WWATelemetryV5Summarization	SN1SRPUTLJI01	WWATelemetryV5Summarization	05baf290-9579-4795-b204-3e08d61cac82	9/8/13 16:15	9/8/13 16:16	9/8/13 16:29	CompletedSuccess
SN1SRPUTLAI11_INT_Report_UrlBlock	SN1SRPUTLAI11	INT_Report_UrlBlock	9d10aeac-4fb3-4d64-b804-8067a2747853	9/8/13 16:18	9/8/13 16:19	9/8/13 16:20	CompletedSuccess
SN1SRPUTLAI10_INT_Report_MHV22stats	SN1SRPUTLAI10	INT_Report_MHV22stats	cd315228-1a3a-4fc9-b7f1-4bb2e62d7a82	9/8/13 16:18	9/8/13 16:19	9/8/13 16:21	CompletedSuccess
SN1SRPUTLAI10_INT_Report_BPL_Prod	SN1SRPUTLAI10	INT_Report_BPL_Prod	82d1dbfe-dde9-4299-a939-6d5b94841d40	9/8/13 16:21	9/8/13 16:22	9/8/13 16:23	CompletedSuccess
CO1SRPUTLDI05_RAPUrlExtractor	CO1SRPUTLDI05	RAPUrlExtractor	8ad67620-e1d3-4a53-9ef8-c11db4090f63	9/8/13 16:26	9/8/13 16:27	9/8/13 16:31	CompletedSuccess
MWUrlModel_Hourly2		WUrlModel_Hourly2	0ab1eec8-e089-44cd-a042-4cac62f75a02	9/8/13 16:27	9/8/13 16:37	9/8/13 17:34	CompletedSuccess
SN1SRPUTLXI06_EXP_UrsViewV5Errors	SN1SRPUTLXI06	EXP_UrsViewV5Errors	d19a39e1-ddf4-44ab-a756-8b16728f91e8	9/8/13 16:30	9/8/13 16:30	9/8/13 16:32	CompletedSuccess
SN1SRPUTLAI10_MalwareUrlBlockRelated	SN1SRPUTLAI10	MalwareUrlBlockRelated	4618bfb9-80fc-4c83-9df0-0056c071591c	9/8/13 16:32	9/8/13 16:32	9/8/13 16:39	CompletedSuccess
SN1SRPUTLAI10_INT_MH_RE_retry_VIEW	SN1SRPUTLAI10	INT_MH_RE_retry_VIEW	adb9a8a3-378b-4002-ada4-7827fcbf4422	9/8/13 16:32	9/8/13 16:33	9/8/13 16:34	CompletedSuccess
SN1SRPUTLXI05_EXP_FSSEventLogsReports	SN1SRPUTLXI05	EXP_FSSEventLogsReports	1628cca4-d76d-4e3d-bd0c-6ae961148273	9/8/13 16:35	9/8/13 16:36	9/8/13 16:53	CompletedSuccess
CO1SRPUTLDI04_JMRUrlExtractor	CO1SRPUTLDI04	JMRUrlExtractor	2129259a-57e4-4f48-906e-9fdf00ce0877	9/8/13 16:39	9/8/13 16:40	9/8/13 16:46	CompletedSuccess
SN1SRPUTLXI07_INC_PADMANR_DeletesV2	SN1SRPUTLXI07	INC_PADMANR_DeletesV2	2111f7ab-a4ed-4f2f-a9c4-640fe817c2ce	9/8/13 16:39	9/8/13 16:40	9/8/13 16:48	CompletedSuccess
SN1SRPUTLAI08_ScomDataForFeaturization	SN1SRPUTLAI08	ScomDataForFeaturization	19a9dc0d-bafd-47b9-81cc-e423c898f81b	9/8/13 16:40	9/8/13 16:41	9/8/13 16:43	CompletedSuccess
SN1SRPUTLXI05_EXP_MHViewErrors	SN1SRPUTLXI05	EXP_MHViewErrors	a20fa1ae-b719-4cb6-81f0-c52f786b79c6	9/8/13 16:42	9/8/13 16:43	9/8/13 16:44	CompletedSuccess
SN1SRPUTLXI07_INC_PADMANR_MuesMalware	SN1SRPUTLXI07	INC_PADMANR_MuesMalware	afa81964-e9cc-4c07-b4ed-627113b25e4f	9/8/13 16:48	9/8/13 16:49	9/8/13 17:05	CompletedFailure
SN1SRPUTLAI08_INT_Report_UrlBlock	SN1SRPUTLAI08	INT_Report_UrlBlock	bb19b09d-d80e-427b-aaa7-bcf1640d5105	9/8/13 16:49	9/8/13 16:50	9/8/13 16:51	CompletedSuccess
SN1SRPUTLAI11_Report_MHV21stats	SN1SRPUTLAI11	Report_MHV21stats	3eb7c285-83de-4d30-82b2-462c7083b367	9/8/13 16:57	9/8/13 16:58	9/8/13 17:00	CompletedSuccess
SN1SRPUTLAI07_MalwareUrlBlockRelated	SN1SRPUTLAI07	MalwareUrlBlockRelated	7a526ecc-7aee-441d-a48f-446c6b3a815b	9/8/13 16:59	9/8/13 16:59	9/8/13 17:07	CompletedSuccess
SN1SRPUTLXI06_EXP_TelemetryViewV5Errors	SN1SRPUTLXI06	EXP_TelemetryViewV5Errors	a6fa0c55-c8a0-450a-aff8-36e703fabd3f	9/8/13 17:00	9/8/13 17:00	9/8/13 17:03	CompletedSuccess
CO1SRPUTLDI05_RAPUrlExtractor	CO1SRPUTLDI05	RAPUrlExtractor	2dddd7da-b0c4-4c5b-a213-acca4ec1fc29	9/8/13 17:05	9/8/13 17:06	9/8/13 17:12	CompletedSuccess
SN1SRPUTLAI08_INT_PullTheWebZip	SN1SRPUTLAI08	INT_PullTheWebZip	6374e592-8257-496d-9dc1-177144a941dc	9/8/13 17:09	9/8/13 17:10	9/8/13 17:22	CompletedSuccess
SN1SRPUTLXI07_INC_PADMANR_GenerateWindowsStoreMHHourlyStream	SN1SRPUTLXI07	INC_PADMANR_GenerateWindowsStoreMHHourlyStream	50781bec-fde9-4e7a-9a5e-e66b3b07da3a	9/8/13 17:10	9/8/13 17:12	9/8/13 17:13	CompletedSuccess
SN1SRPUTLAI11_INT_MH_RE_retry_VIEW	SN1SRPUTLAI11	INT_MH_RE_retry_VIEW	b43d88c2-f340-42d8-b70d-52edc6138c44	9/8/13 17:11	9/8/13 17:12	9/8/13 17:13	CompletedSuccess
SN1SRPUTLJI02_WWATelemetryV5Summarization	SN1SRPUTLJI02	WWATelemetryV5Summarization	bb80c029-24d8-4c1a-a7d0-ef91155c4e13	9/8/13 17:15	9/8/13 17:16	9/8/13 17:36	CompletedSuccess
SN1SRPUTLAI08_INT_Report_MHV22stats	SN1SRPUTLAI08	INT_Report_MHV22stats	7b5237bf-0cdd-4f95-a5a2-7d7ae02c0f87	9/8/13 17:18	9/8/13 17:19	9/8/13 17:21	CompletedSuccess
SN1SRPUTLAI11_INT_Report_UrlBlock	SN1SRPUTLAI11	INT_Report_UrlBlock	727de27d-216d-487c-b625-f2b008286f64	9/8/13 17:20	9/8/13 17:21	9/8/13 17:22	CompletedSuccess
SN1SRPUTLXI05_EXP_AppRepViewErrors	SN1SRPUTLXI05	EXP_AppRepViewErrors	46c777f7-3968-4757-a50b-51a7107afb9e	9/8/13 17:20	9/8/13 17:21	9/8/13 17:22	CompletedSuccess
SN1SRPUTLAI07_ScomDataForFeaturization	SN1SRPUTLAI07	ScomDataForFeaturization	a579a041-e794-44e1-93f2-d5b941c44f33	9/8/13 17:24	9/8/13 17:25	9/8/13 17:27	CompletedSuccess
SN1SRPUTLAI08_MalwareUrlBlockRelated	SN1SRPUTLAI08	MalwareUrlBlockRelated	2701dbcd-f608-482c-bd1e-4e49450ac496	9/8/13 17:25	9/8/13 17:25	9/8/13 17:33	CompletedSuccess
SN1SRPUTLXI06_EXP_UrsViewV5Errors	SN1SRPUTLXI06	EXP_UrsViewV5Errors	3df77022-6604-41fe-8060-150f5befd4cf	9/8/13 17:30	9/8/13 17:30	9/8/13 17:31	CompletedSuccess
SN1SRPUTLAI08_INT_MH_RE_retry_VIEW	SN1SRPUTLAI08	INT_MH_RE_retry_VIEW	bc1ff99c-9461-4ebc-a5cc-692403f436c4	9/8/13 17:33	9/8/13 17:34	9/8/13 17:36	CompletedSuccess
SN1SRPUTLXI05_EXP_FSSEventLogsReports	SN1SRPUTLXI05	EXP_FSSEventLogsReports	3339e724-f182-4c7c-94e4-fe28a4371c51	9/8/13 17:35	9/8/13 17:36	9/8/13 17:54	CompletedSuccess
CO1SRPUTLDI04_JMRUrlExtractor	CO1SRPUTLDI04	JMRUrlExtractor	29488ffb-6e65-43d4-8d5d-259ff3b3664e	9/8/13 17:39	9/8/13 17:40	9/8/13 17:49	CompletedSuccess
SN1SRPUTLXI07_INC_PADMANR_DeletesV2	SN1SRPUTLXI07	INC_PADMANR_DeletesV2	c4501e90-6e2a-4306-8679-0d06ff793102	9/8/13 17:39	9/8/13 17:41	9/8/13 17:53	CompletedSuccess
SN1SRPUTLXI05_EXP_MHViewErrors	SN1SRPUTLXI05	EXP_MHViewErrors	b3c23470-c376-4341-b6ac-40c9b6fb5cea	9/8/13 17:43	9/8/13 17:43	9/8/13 17:45	CompletedSuccess
SN1SRPUTLXI07_INC_PADMANR_MuesMalware	SN1SRPUTLXI07	INC_PADMANR_MuesMalware	159f53b7-6b0b-451d-8a05-7a43d97219f1	9/8/13 17:48	9/8/13 17:50	9/8/13 18:12	CompletedFailure
CO1SRPUTLDI05_RAPUrlExtractor	CO1SRPUTLDI05	RAPUrlExtractor	129b9825-ba6e-4486-a0eb-077e3cfc515f	9/8/13 17:48	9/8/13 17:49	9/8/13 17:54	CompletedSuccess
SN1SRPUTLAI10_MalwareUrlBlockRelated	SN1SRPUTLAI10	MalwareUrlBlockRelated	de3f84f5-2010-4d51-8038-a787b97a3f02	9/8/13 17:51	9/8/13 17:51	9/8/13 17:58	CompletedSuccess
SN1SRPUTLAI09_INT_Report_UrlBlock	SN1SRPUTLAI09	INT_Report_UrlBlock	e9e98698-7cde-42c4-ba14-1b29b26a1ecf	9/8/13 17:51	9/8/13 17:52	9/8/13 17:53	CompletedSuccess
SN1SRPUTLAI08_ScomDataForFeaturization	SN1SRPUTLAI08	ScomDataForFeaturization	f85b0a25-e8e7-40cd-9c22-67c0fb249a93	9/8/13 17:54	9/8/13 17:54	9/8/13 17:57	CompletedSuccess
SN1SRPUTLAI07_Report_MHV21stats	SN1SRPUTLAI07	Report_MHV21stats	5aa6f975-f12b-4208-8cf8-8cfb2aea31e2	9/8/13 17:58	9/8/13 17:59	9/8/13 18:02	CompletedSuccess
SN1SRPUTLXI06_EXP_TelemetryViewV5Errors	SN1SRPUTLXI06	EXP_TelemetryViewV5Errors	6012241a-0090-4fa5-b3fc-e4306c886cae	9/8/13 18:00	9/8/13 18:01	9/8/13 18:03	CompletedSuccess
SN1SRPUTLAI10_INT_PullTheWebZip	SN1SRPUTLAI10	INT_PullTheWebZip	4728efb6-d890-4448-8e84-2dffe879b7f9	9/8/13 18:09	9/8/13 18:10	9/8/13 18:28	CompletedSuccess
SN1SRPUTLXI07_INC_PADMANR_GenerateWindowsStoreMHHourlyStream	SN1SRPUTLXI07	INC_PADMANR_GenerateWindowsStoreMHHourlyStream	4b1b6356-4158-4b01-a2ce-da1ad6643aea	9/8/13 18:11	9/8/13 18:12	9/8/13 18:13	CompletedSuccess
SN1SRPUTLAI10_INT_Report_BPL_Prod	SN1SRPUTLAI10	INT_Report_BPL_Prod	8c7231d6-71ed-4dd0-9cd1-69034370f196	9/8/13 18:11	9/8/13 18:12	9/8/13 18:13	CompletedSuccess
SN1SRPUTLJI02_WWATelemetryV5Summarization	SN1SRPUTLJI02	WWATelemetryV5Summarization	43023105-a6f5-4f82-ba60-01780bbe7c45	9/8/13 18:15	9/8/13 18:16	9/8/13 18:34	CompletedSuccess
SN1SRPUTLAI10_MalwareUrlBlockRelated	SN1SRPUTLAI10	MalwareUrlBlockRelated	f67ce104-a87d-4b2f-90da-90db3050ac1a	9/8/13 18:17	9/8/13 18:17	9/8/13 18:25	CompletedSuccess
SN1SRPUTLAI10_INT_Report_MHV22stats	SN1SRPUTLAI10	INT_Report_MHV22stats	ad97e2f7-5b4e-4e76-8079-45d3cb49e26b	9/8/13 18:18	9/8/13 18:20	9/8/13 18:22	CompletedSuccess
SN1SRPUTLAI09_INT_Report_UrlBlock	SN1SRPUTLAI09	INT_Report_UrlBlock	c590b54d-7dd6-4398-aa38-98882edffb6c	9/8/13 18:23	9/8/13 18:23	9/8/13 18:25	CompletedSuccess
SN1SRPUTLAI10_ScomDataForFeaturization	SN1SRPUTLAI10	ScomDataForFeaturization	5889340d-2899-42e4-8eb3-1e9fcaeaa955	9/8/13 18:24	9/8/13 18:25	9/8/13 18:27	CompletedSuccess
MWUrlModel_Hourly2		WUrlModel_Hourly2	e70b2ec6-ec7a-4a20-9c82-0bab8fa1fcee	9/8/13 18:27	9/8/13 18:35	9/8/13 19:33	CompletedSuccess
SN1SRPUTLXI06_EXP_UrsViewV5Errors	SN1SRPUTLXI06	EXP_UrsViewV5Errors	a213380e-c5e2-4978-8d72-2bd6b60e23e7	9/8/13 18:30	9/8/13 18:31	9/8/13 18:32	CompletedSuccess
CO1SRPUTLDI05_RAPUrlExtractor	CO1SRPUTLDI05	RAPUrlExtractor	86acb468-5eb7-4683-a59f-2888070e5564	9/8/13 18:31	9/8/13 18:32	9/8/13 18:40	CompletedSuccess
SN1SRPUTLAI10_INT_MH_RE_retry_VIEW	SN1SRPUTLAI10	INT_MH_RE_retry_VIEW	2444943c-88dc-47b5-b3a5-82f60727e344	9/8/13 18:32	9/8/13 18:33	9/8/13 18:34	CompletedSuccess
SN1SRPUTLXI05_EXP_FSSEventLogsReports	SN1SRPUTLXI05	EXP_FSSEventLogsReports	3c68f7d4-6ef0-4528-ace1-c15793414e48	9/8/13 18:35	9/8/13 18:36	9/8/13 18:38	CompletedSuccess
SN1SRPUTLAI10_INT_Report_TopTraffic	SN1SRPUTLAI10	INT_Report_TopTraffic	c98811f0-6a88-41b1-87fb-8312eed332f4	9/8/13 18:38	9/8/13 18:39	9/8/13 18:40	CompletedSuccess
CO1SRPUTLDI04_JMRUrlExtractor	CO1SRPUTLDI04	JMRUrlExtractor	b5bcea7f-13b4-404f-8757-6051d1a080f2	9/8/13 18:39	9/8/13 18:40	9/8/13 18:52	CompletedSuccess
SN1SRPUTLXI07_INC_PADMANR_DeletesV2	SN1SRPUTLXI07	INC_PADMANR_DeletesV2	57457521-2d7d-41c3-a09e-e0c2996adf90	9/8/13 18:39	9/8/13 18:41	9/8/13 18:59	CompletedSuccess
SN1SRPUTLXI05_EXP_MHViewErrors	SN1SRPUTLXI05	EXP_MHViewErrors	35bf01ba-dd2c-429d-a3cd-cd3d810cb476	9/8/13 18:43	9/8/13 18:43	9/8/13 18:45	CompletedSuccess
SN1SRPUTLAI10_MalwareUrlBlockRelated	SN1SRPUTLAI10	MalwareUrlBlockRelated	e310cb72-d771-4cfb-919f-02c325127ac3	9/8/13 18:43	9/8/13 18:43	9/8/13 18:52	CompletedSuccess
SN1SRPUTLXI07_INC_PADMANR_MuesMalware	SN1SRPUTLXI07	INC_PADMANR_MuesMalware	07e58274-e55a-4c64-9f64-641ebcfe7e7f	9/8/13 18:48	9/8/13 18:50	9/8/13 19:13	CompletedFailure
SN1SRPUTLAI11_INT_Report_UrlBlock	SN1SRPUTLAI11	INT_Report_UrlBlock	64a5a6bc-fa3e-4229-9e99-5335b39a7d6e	9/8/13 18:54	9/8/13 18:55	9/8/13 18:56	CompletedSuccess
SN1SRPUTLAI11_ScomDataForFeaturization	SN1SRPUTLAI11	ScomDataForFeaturization	cbe3a4ee-2e9f-4c2e-9ea0-f27510112a96	9/8/13 18:54	9/8/13 18:56	9/8/13 18:58	CompletedSuccess
SN1SRPUTLAI11_Report_MHV21stats	SN1SRPUTLAI11	Report_MHV21stats	572c28f8-51de-45f7-99ce-d5db25dc4612	9/8/13 18:57	9/8/13 18:58	9/8/13 19:01	CompletedSuccess
SN1SRPUTLXI06_EXP_TelemetryViewV5Errors	SN1SRPUTLXI06	EXP_TelemetryViewV5Errors	a514e68e-ddd2-4080-80d4-113fe93508c1	9/8/13 19:00	9/8/13 19:01	9/8/13 19:04	CompletedSuccess
SN1SRPUTLAI07_INT_PullTheWebZip	SN1SRPUTLAI07	INT_PullTheWebZip	121524e5-36b6-4b76-8c3b-1155106be49d	9/8/13 19:09	9/8/13 19:10	9/8/13 19:24	CompletedSuccess
SN1SRPUTLAI11_MalwareUrlBlockRelated	SN1SRPUTLAI11	MalwareUrlBlockRelated	f74801dd-729b-49ef-9a4e-2efa05f5564a	9/8/13 19:10	9/8/13 19:10	9/8/13 19:24	CompletedSuccess
SN1SRPUTLXI07_INC_PADMANR_GenerateWindowsStoreMHHourlyStream	SN1SRPUTLXI07	INC_PADMANR_GenerateWindowsStoreMHHourlyStream	71d96b6c-e7ac-4098-a207-c757a84b1dc6	9/8/13 19:10	9/8/13 19:11	9/8/13 19:14	CompletedSuccess
SN1SRPUTLAI11_INT_MH_RE_retry_VIEW	SN1SRPUTLAI11	INT_MH_RE_retry_VIEW	02e19c3e-9300-4606-af31-38327de8d304	9/8/13 19:11	9/8/13 19:12	9/8/13 19:14	CompletedSuccess
CO1SRPUTLDI05_RAPUrlExtractor	CO1SRPUTLDI05	RAPUrlExtractor	68340cfe-2bb6-4ad7-b6f2-7f7bc0876749	9/8/13 19:15	9/8/13 19:16	9/8/13 19:22	CompletedSuccess
SN1SRPUTLJI01_WWATelemetryV5Summarization	SN1SRPUTLJI01	WWATelemetryV5Summarization	11b38daa-5f1a-493d-b218-a854138f5da0	9/8/13 19:16	9/8/13 19:17	9/8/13 19:30	CompletedSuccess
SN1SRPUTLAI07_INT_Report_MHV22stats	SN1SRPUTLAI07	INT_Report_MHV22stats	b9e752fa-d3b2-4adc-bcbd-49822ab69a39	9/8/13 19:18	9/8/13 19:20	9/8/13 19:22	CompletedSuccess
SN1SRPUTLAI11_ScomDataForFeaturization	SN1SRPUTLAI11	ScomDataForFeaturization	bc1f941d-bf40-4066-8591-36bba7cba799	9/8/13 19:24	9/8/13 19:25	9/8/13 19:26	CompletedSuccess
SN1SRPUTLAI11_INT_Report_UrlBlock	SN1SRPUTLAI11	INT_Report_UrlBlock	396baa18-b0b7-45b7-bac9-33e70d548741	9/8/13 19:25	9/8/13 19:26	9/8/13 19:28	CompletedSuccess
SN1SRPUTLXI06_EXP_UrsViewV5Errors	SN1SRPUTLXI06	EXP_UrsViewV5Errors	089701cb-8ee0-41d0-82cb-4641a93717dd	9/8/13 19:30	9/8/13 19:30	9/8/13 19:32	CompletedSuccess
SN1SRPUTLAI07_INT_MH_RE_retry_VIEW	SN1SRPUTLAI07	INT_MH_RE_retry_VIEW	3552ec3d-db82-4800-a568-3fe55e6e8219	9/8/13 19:32	9/8/13 19:33	9/8/13 19:34	CompletedSuccess
SN1SRPUTLXI05_EXP_FSSEventLogsReports	SN1SRPUTLXI05	EXP_FSSEventLogsReports	f1961d82-00b2-40e1-b765-8feec06c2a47	9/8/13 19:35	9/8/13 19:36	9/8/13 19:38	CompletedSuccess
CO1SRPUTLDI04_JMRUrlExtractor	CO1SRPUTLDI04	JMRUrlExtractor	3f218dcc-d467-4034-b796-4d8e65e4f1bb	9/8/13 19:39	9/8/13 19:40	9/8/13 19:52	CompletedSuccess
SN1SRPUTLXI07_INC_PADMANR_DeletesV2	SN1SRPUTLXI07	INC_PADMANR_DeletesV2	cb815eb3-7d78-4d02-b9ea-c3a84edda71f	9/8/13 19:39	9/8/13 19:41	9/8/13 19:56	CompletedSuccess
SN1SRPUTLXI05_EXP_MHViewErrors	SN1SRPUTLXI05	EXP_MHViewErrors	efc36d2d-437c-430f-b56c-266756dfd246	9/8/13 19:43	9/8/13 19:43	9/8/13 19:45	CompletedSuccess
SN1SRPUTLAI07_MalwareUrlBlockRelated	SN1SRPUTLAI07	MalwareUrlBlockRelated	a2347a73-ed4f-4f6f-a6a2-b37d716f6d28	9/8/13 19:45	9/8/13 19:45	9/8/13 19:55	CompletedSuccess
SN1SRPUTLXI07_INC_PADMANR_MuesMalware	SN1SRPUTLXI07	INC_PADMANR_MuesMalware	b8d07732-c281-43d3-a190-f59726dc2005	9/8/13 19:48	9/8/13 19:50	9/8/13 20:04	CompletedFailure
SN1SRPUTLAI11_ScomDataForFeaturization	SN1SRPUTLAI11	ScomDataForFeaturization	f9186e62-ca81-46e3-ac12-9d7c8f6b7ef2	9/8/13 19:55	9/8/13 19:56	9/8/13 19:58	CompletedSuccess
SN1SRPUTLAI11_INT_Report_UrlBlock	SN1SRPUTLAI11	INT_Report_UrlBlock	0a0f472c-7553-401b-a5a0-eaf5bae78cd8	9/8/13 19:56	9/8/13 19:57	9/8/13 19:58	CompletedSuccess
SN1SRPUTLAI07_Report_MHV21stats	SN1SRPUTLAI07	Report_MHV21stats	6009f173-30be-4556-9a90-8ad173cc704b	9/8/13 19:57	9/8/13 19:58	9/8/13 20:00	CompletedSuccess
CO1SRPUTLDI05_RAPUrlExtractor	CO1SRPUTLDI05	RAPUrlExtractor	a873e99f-4f71-42d3-8ae8-e4f294a9ee2f	9/8/13 19:58	9/8/13 19:59	9/8/13 20:04	CompletedSuccess
SN1SRPUTLXI06_EXP_TelemetryViewV5Errors	SN1SRPUTLXI06	EXP_TelemetryViewV5Errors	12e5285b-8ed9-4e7e-b6b0-5a53137d7f25	9/8/13 20:00	9/8/13 20:01	9/8/13 20:03	CompletedSuccess
SN1SRPUTLAI11_INT_Report_BPL_Prod	SN1SRPUTLAI11	INT_Report_BPL_Prod	1256d8a6-7dd8-42e6-a50f-e725338f2a28	9/8/13 20:00	9/8/13 20:01	9/8/13 20:02	CompletedSuccess
SN1SRPUTLAI09_FileRepDailyStatistics	SN1SRPUTLAI09	FileRepDailyStatistics	205a952a-a78b-4dd7-a653-b0b5d9ad35a2	9/8/13 20:01	9/8/13 20:02	9/8/13 20:12	CompletedSuccess
SN1SRPUTLAI10_INT_PullTheWebZip	SN1SRPUTLAI10	INT_PullTheWebZip	be6cae75-04fa-4122-80d3-48877f555776	9/8/13 20:09	9/8/13 20:10	9/8/13 20:22	CompletedSuccess
SN1SRPUTLXI07_INC_PADMANR_GenerateWindowsStoreMHHourlyStream	SN1SRPUTLXI07	INC_PADMANR_GenerateWindowsStoreMHHourlyStream	fce941dc-6d50-4f04-beec-3e411294ff27	9/8/13 20:10	9/8/13 20:11	9/8/13 20:13	CompletedSuccess
SN1SRPUTLAI10_MalwareUrlBlockRelated	SN1SRPUTLAI10	MalwareUrlBlockRelated	f768f3af-a591-49df-a5e5-bb9e0eab97f7	9/8/13 20:13	9/8/13 20:13	9/8/13 20:21	CompletedSuccess
SN1SRPUTLJI01_WWATelemetryV5Summarization	SN1SRPUTLJI01	WWATelemetryV5Summarization	77facdf6-ab0e-421f-add2-22cdde015247	9/8/13 20:15	9/8/13 20:17	9/8/13 20:30	CompletedSuccess
SN1SRPUTLAI11_INT_Report_MHV22stats	SN1SRPUTLAI11	INT_Report_MHV22stats	a750121b-038b-448e-bd58-e5835c9747f9	9/8/13 20:18	9/8/13 20:19	9/8/13 20:21	CompletedSuccess
SN1SRPUTLAI11_ScomDataForFeaturization	SN1SRPUTLAI11	ScomDataForFeaturization	37b6c437-95b1-4c89-a394-4044e400a6b8	9/8/13 20:24	9/8/13 20:26	9/8/13 20:28	CompletedSuccess
MWUrlModel_Hourly2		WUrlModel_Hourly2	d3385c29-227c-48e3-a1f7-2bcc04916b5f	9/8/13 20:27	9/8/13 20:35	9/8/13 21:37	CompletedSuccess
SN1SRPUTLAI11_INT_Report_UrlBlock	SN1SRPUTLAI11	INT_Report_UrlBlock	c8ac90cb-18b7-470e-b1e8-44bc0112d808	9/8/13 20:28	9/8/13 20:28	9/8/13 20:29	CompletedSuccess
SN1SRPUTLXI06_EXP_UrsViewV5Errors	SN1SRPUTLXI06	EXP_UrsViewV5Errors	bc35f9f5-9eba-49e7-8d36-dc514e37290b	9/8/13 20:30	9/8/13 20:30	9/8/13 20:32	CompletedSuccess
SN1SRPUTLAI11_INT_MH_RE_retry_VIEW	SN1SRPUTLAI11	INT_MH_RE_retry_VIEW	f283a2b5-7bba-485b-9605-15fe594a7987	9/8/13 20:32	9/8/13 20:33	9/8/13 20:34	CompletedSuccess
SN1SRPUTLXI05_EXP_FSSEventLogsReports	SN1SRPUTLXI05	EXP_FSSEventLogsReports	93e6cd70-e79e-40ff-9852-9cd0b04f65c2	9/8/13 20:35	9/8/13 20:36	9/8/13 20:39	CompletedSuccess
CO1SRPUTLDI04_JMRUrlExtractor	CO1SRPUTLDI04	JMRUrlExtractor	c384055a-e961-4381-be27-b02a7d630f5b	9/8/13 20:39	9/8/13 20:40	9/8/13 20:48	CompletedSuccess
SN1SRPUTLXI07_INC_PADMANR_DeletesV2	SN1SRPUTLXI07	INC_PADMANR_DeletesV2	fbcefcd6-83b8-4385-8f10-7ccc9726a2b3	9/8/13 20:40	9/8/13 20:41	9/8/13 20:52	CompletedSuccess
SN1SRPUTLAI11_MalwareUrlBlockRelated	SN1SRPUTLAI11	MalwareUrlBlockRelated	5cd5e20d-7424-4e1d-89f7-11a2ccdc2e36	9/8/13 20:40	9/8/13 20:40	9/8/13 20:49	CompletedSuccess
CO1SRPUTLDI05_RAPUrlExtractor	CO1SRPUTLDI05	RAPUrlExtractor	2d5d3996-2877-44f1-9848-3092b90ad6a2	9/8/13 20:41	9/8/13 20:42	9/8/13 20:47	CompletedSuccess
SN1SRPUTLXI05_EXP_MHViewErrors	SN1SRPUTLXI05	EXP_MHViewErrors	169b69fa-cf01-4f33-9348-1ae6bd3caddc	9/8/13 20:43	9/8/13 20:43	9/8/13 20:45	CompletedSuccess
SN1SRPUTLXI07_INC_PADMANR_MuesMalware	SN1SRPUTLXI07	INC_PADMANR_MuesMalware	0e3962f7-1178-42e9-9077-fcd4d7ac78ce	9/8/13 20:48	9/8/13 20:50	9/8/13 21:11	CompletedFailure
SN1SRPUTLAI11_ScomDataForFeaturization	SN1SRPUTLAI11	ScomDataForFeaturization	7b2bab47-a42f-4ffb-9b96-cf0b9e5153e7	9/8/13 20:54	9/8/13 20:55	9/8/13 20:57	CompletedSuccess
SN1SRPUTLAI11_Report_MHV21stats	SN1SRPUTLAI11	Report_MHV21stats	a2db3fe4-283b-40f7-8557-dc857c93d824	9/8/13 20:57	9/8/13 20:58	9/8/13 21:02	CompletedSuccess
SN1SRPUTLAI11_INT_Report_UrlBlock	SN1SRPUTLAI11	INT_Report_UrlBlock	05fbee0f-2624-43a4-9a9e-b5d019530666	9/8/13 20:59	9/8/13 21:00	9/8/13 21:00	CompletedSuccess
SN1SRPUTLXI06_EXP_TelemetryViewV5Errors	SN1SRPUTLXI06	EXP_TelemetryViewV5Errors	f4ae6adf-8c91-4ccc-b4e9-2aa77992a74d	9/8/13 21:00	9/8/13 21:01	9/8/13 21:04	CompletedSuccess
SN1SRPUTLAI07_INT_Report_BPL_Prod	SN1SRPUTLAI07	INT_Report_BPL_Prod	e9e8c007-2677-49e4-a53a-a576c5434c7d	9/8/13 21:00	9/8/13 21:01	9/8/13 21:03	CompletedSuccess
SN1SRPUTLAI06_Featurizer_Domain_Infrastructure_Safety	SN1SRPUTLAI06	Featurizer_Domain_Infrastructure_Safety	a74607f9-b7a2-46c8-b46c-1fe94f63afd9	9/8/13 21:01	9/8/13 21:04	9/9/13 0:04	CompletedSuccess
SN1SRPUTLAI11_MalwareUrlBlockRelated	SN1SRPUTLAI11	MalwareUrlBlockRelated	e70562b9-676e-4c83-aa91-138bf7e57e08	9/8/13 21:07	9/8/13 21:07	9/8/13 21:17	CompletedSuccess
SN1SRPUTLAI06_INT_PullTheWebZip	SN1SRPUTLAI06	INT_PullTheWebZip	e7639ef0-860e-4adb-91af-eb3cc39ea89d	9/8/13 21:09	9/8/13 21:11	9/8/13 21:29	CompletedSuccess
SN1SRPUTLXI07_INC_PADMANR_GenerateWindowsStoreMHHourlyStream	SN1SRPUTLXI07	INC_PADMANR_GenerateWindowsStoreMHHourlyStream	98db5c7c-039a-4dbc-8321-bf5a3cdfa23b	9/8/13 21:11	9/8/13 21:12	9/8/13 21:14	CompletedSuccess
SN1SRPUTLAI07_INT_MH_RE_retry_VIEW	SN1SRPUTLAI07	INT_MH_RE_retry_VIEW	59c9d4c8-6066-4397-9b5c-a3215f1d3728	9/8/13 21:13	9/8/13 21:13	9/8/13 21:16	CompletedSuccess
SN1SRPUTLJI01_WWATelemetryV5Summarization	SN1SRPUTLJI01	WWATelemetryV5Summarization	6e906482-f4cc-45b5-98ec-3d311b523d78	9/8/13 21:16	9/8/13 21:17	9/8/13 21:33	CompletedSuccess
SN1SRPUTLAI07_INT_Report_MHV22stats	SN1SRPUTLAI07	INT_Report_MHV22stats	da5d0f4d-db94-4d10-b69a-a0bf9e7db38a	9/8/13 21:19	9/8/13 21:20	9/8/13 21:22	CompletedSuccess
SN1SRPUTLAI09_ScomDataForFeaturization	SN1SRPUTLAI09	ScomDataForFeaturization	14d98f09-31d3-4496-8f55-c620244a317c	9/8/13 21:24	9/8/13 21:25	9/8/13 21:27	CompletedSuccess
CO1SRPUTLDI05_RAPUrlExtractor	CO1SRPUTLDI05	RAPUrlExtractor	2416feb0-c3f5-4e2f-a465-984b70dbd9e4	9/8/13 21:25	9/8/13 21:26	9/8/13 21:36	CompletedSuccess
SN1SRPUTLXI06_EXP_UrsViewV5Errors	SN1SRPUTLXI06	EXP_UrsViewV5Errors	0547ad01-f53a-4de6-903d-da83300904db	9/8/13 21:30	9/8/13 21:31	9/8/13 21:34	CompletedSuccess
SN1SRPUTLAI11_INT_Report_UrlBlock	SN1SRPUTLAI11	INT_Report_UrlBlock	570f415d-4bbf-4d0c-92c9-b553599d215f	9/8/13 21:30	9/8/13 21:31	9/8/13 21:32	CompletedSuccess
SN1SRPUTLAI07_INT_MH_RE_retry_VIEW	SN1SRPUTLAI07	INT_MH_RE_retry_VIEW	834e9395-c7bd-44cf-94a5-59a7133530c1	9/8/13 21:32	9/8/13 21:33	9/8/13 21:34	CompletedSuccess
SN1SRPUTLAI11_MalwareUrlBlockRelated	SN1SRPUTLAI11	MalwareUrlBlockRelated	800a5595-a61f-4c0d-82e5-bb873c321067	9/8/13 21:35	9/8/13 21:35	9/8/13 21:44	CompletedSuccess
SN1SRPUTLXI05_EXP_FSSEventLogsReports	SN1SRPUTLXI05	EXP_FSSEventLogsReports	95e304e4-2c9d-4a71-b7bc-8ebeea0aced3	9/8/13 21:36	9/8/13 21:37	9/8/13 21:39	CompletedSuccess
CO1SRPUTLDI04_JMRUrlExtractor	CO1SRPUTLDI04	JMRUrlExtractor	9ea518e5-77fa-4285-9aed-f59317b3324c	9/8/13 21:39	9/8/13 21:40	9/8/13 21:56	CompletedSuccess
SN1SRPUTLXI07_INC_PADMANR_DeletesV2	SN1SRPUTLXI07	INC_PADMANR_DeletesV2	bf2e5d4a-0c29-4a65-b5f9-47659abbe325	9/8/13 21:39	9/8/13 21:41	9/8/13 21:59	CompletedSuccess
SN1SRPUTLXI05_EXP_MHViewErrors	SN1SRPUTLXI05	EXP_MHViewErrors	54a2afae-6c79-471b-8b1b-44cb4bc04988	9/8/13 21:43	9/8/13 21:44	9/8/13 21:45	CompletedSuccess
SN1SRPUTLXI07_INC_PADMANR_MuesMalware	SN1SRPUTLXI07	INC_PADMANR_MuesMalware	303c510a-21a8-427b-816e-4cd31ebea481	9/8/13 21:48	9/8/13 21:50	9/8/13 22:11	CompletedFailure
SN1SRPUTLAI07_ScomDataForFeaturization	SN1SRPUTLAI07	ScomDataForFeaturization	776203bc-2e33-4d4f-b648-e52316632308	9/8/13 21:54	9/8/13 21:55	9/8/13 21:57	CompletedSuccess
SN1SRPUTLAI07_Report_MHV21stats	SN1SRPUTLAI07	Report_MHV21stats	2d746e84-b4cf-4631-bedc-f1690665da46	9/8/13 21:56	9/8/13 21:58	9/8/13 22:00	CompletedSuccess
SN1SRPUTLXI06_EXP_TelemetryViewV5Errors	SN1SRPUTLXI06	EXP_TelemetryViewV5Errors	39e70e09-d84c-4dac-8647-12fc4d87cc58	9/8/13 22:00	9/8/13 22:01	9/8/13 22:09	CompletedSuccess
SN1SRPUTLAI07_INT_Report_BPL_Prod	SN1SRPUTLAI07	INT_Report_BPL_Prod	b3eff61d-03b9-4a27-93a1-09bcd3cf7cd0	9/8/13 22:00	9/8/13 22:01	9/8/13 22:03	CompletedSuccess
SN1SRPUTLAI11_Featurizer_HostName_Infrastructure_Safety	SN1SRPUTLAI11	Featurizer_HostName_Infrastructure_Safety	cf0ee2db-50bd-49e0-bdb7-9059fda3b178	9/8/13 22:02	9/8/13 22:05	9/8/13 23:06	CompletedSuccess
SN1SRPUTLAI10_MalwareUrlBlockRelated	SN1SRPUTLAI10	MalwareUrlBlockRelated	16ba3152-451a-4df1-b5eb-147a5ab64af9	9/8/13 22:03	9/8/13 22:03	9/8/13 22:11	CompletedSuccess
CO1SRPUTLDI05_RAPUrlExtractor	CO1SRPUTLDI05	RAPUrlExtractor	44148a27-b0a7-47b9-96a9-0c8e2b39d120	9/8/13 22:09	9/8/13 22:11	9/8/13 22:17	CompletedSuccess
SN1SRPUTLAI11_INT_PullTheWebZip	SN1SRPUTLAI11	INT_PullTheWebZip	c4384cdc-cc1c-47c6-8624-0e940d8907fd	9/8/13 22:09	9/8/13 22:11	9/8/13 22:24	CompletedSuccess
SN1SRPUTLXI07_INC_PADMANR_GenerateWindowsStoreMHHourlyStream	SN1SRPUTLXI07	INC_PADMANR_GenerateWindowsStoreMHHourlyStream	9e5e4103-a5b0-49c8-bda4-c4e09333cc99	9/8/13 22:11	9/8/13 22:12	9/8/13 22:13	CompletedSuccess
SN1SRPUTLJI02_WWATelemetryV5Summarization	SN1SRPUTLJI02	WWATelemetryV5Summarization	f30da9f8-d558-438c-bfa6-88ff6dd64ff2	9/8/13 22:15	9/8/13 22:16	9/8/13 22:35	CompletedSuccess
SN1SRPUTLAI09_INT_Report_MHV22stats	SN1SRPUTLAI09	INT_Report_MHV22stats	1d2e44ba-908c-4d81-99fe-156f8b37c840	9/8/13 22:18	9/8/13 22:20	9/8/13 22:21	CompletedSuccess
SN1SRPUTLAI07_ScomDataForFeaturization	SN1SRPUTLAI07	ScomDataForFeaturization	0a294a34-70ac-493d-a528-58367584e4de	9/8/13 22:24	9/8/13 22:25	9/8/13 22:27	CompletedSuccess
MWUrlModel_Hourly2		WUrlModel_Hourly2	5c346f99-ab93-408d-8f5b-db920dc2eee5	9/8/13 22:27	9/8/13 22:35	9/8/13 23:37	CompletedSuccess
SN1SRPUTLAI07_MalwareUrlBlockRelated	SN1SRPUTLAI07	MalwareUrlBlockRelated	1a8ffb90-0fe9-4889-970a-a9ee722e3846	9/8/13 22:29	9/8/13 22:29	9/8/13 22:38	CompletedSuccess
SN1SRPUTLXI06_EXP_UrsViewV5Errors	SN1SRPUTLXI06	EXP_UrsViewV5Errors	be3c2257-5eb7-4ac3-a42a-bc6d604e0c88	9/8/13 22:30	9/8/13 22:31	9/8/13 22:32	CompletedSuccess
SN1SRPUTLAI09_INT_MH_RE_retry_VIEW	SN1SRPUTLAI09	INT_MH_RE_retry_VIEW	9085481a-08b9-4868-b351-b0ed350133d9	9/8/13 22:32	9/8/13 22:33	9/8/13 22:34	CompletedSuccess
SN1SRPUTLAI07_INT_Report_UrlBlock	SN1SRPUTLAI07	INT_Report_UrlBlock	39fbf105-e14e-4540-a344-903827fbaed6	9/8/13 22:34	9/8/13 22:35	9/8/13 22:36	CompletedSuccess
SN1SRPUTLXI05_EXP_FSSEventLogsReports	SN1SRPUTLXI05	EXP_FSSEventLogsReports	d2ad00e3-e6c2-40d8-b396-f44a6a9cb19f	9/8/13 22:35	9/8/13 22:36	9/8/13 22:39	CompletedSuccess
CO1SRPUTLDI04_JMRUrlExtractor	CO1SRPUTLDI04	JMRUrlExtractor	42be8cb0-ac7f-4dca-8972-d5a2c251d2f0	9/8/13 22:39	9/8/13 22:40	9/8/13 22:55	CompletedSuccess
SN1SRPUTLXI07_INC_PADMANR_DeletesV2	SN1SRPUTLXI07	INC_PADMANR_DeletesV2	9b1b5252-cf21-4cd3-a2e9-6494cea699fa	9/8/13 22:39	9/8/13 22:41	9/8/13 23:00	CompletedSuccess
SN1SRPUTLXI05_EXP_MHViewErrors	SN1SRPUTLXI05	EXP_MHViewErrors	0a05d754-615b-4875-9f51-14438a6033d9	9/8/13 22:43	9/8/13 22:44	9/8/13 22:45	CompletedSuccess
SN1SRPUTLXI07_INC_PADMANR_MuesMalware	SN1SRPUTLXI07	INC_PADMANR_MuesMalware	1d6c22e4-2b7b-4c1a-bfe6-bd847235060a	9/8/13 22:48	9/8/13 22:50	9/8/13 23:15	CompletedFailure
CO1SRPUTLDI05_RAPUrlExtractor	CO1SRPUTLDI05	RAPUrlExtractor	dadfa1d9-9c56-4c9a-afb6-e6afa1c2202e	9/8/13 22:51	9/8/13 22:55	9/8/13 23:03	CompletedSuccess
SN1SRPUTLAI11_ScomDataForFeaturization	SN1SRPUTLAI11	ScomDataForFeaturization	8f43cea2-a5ed-4cb1-8014-7674b6ee2509	9/8/13 22:54	9/8/13 23:00	9/8/13 23:02	CompletedSuccess
SN1SRPUTLAI09_Report_MHV21stats	SN1SRPUTLAI09	Report_MHV21stats	4d5b9d38-7937-45d6-ad18-a90cfeaae852	9/8/13 22:57	9/8/13 23:02	9/8/13 23:05	CompletedSuccess
SN1SRPUTLAI11_MalwareUrlBlockRelated	SN1SRPUTLAI11	MalwareUrlBlockRelated	1f07c9f3-7c31-4e37-839d-6236be9e097b	9/8/13 22:57	9/8/13 22:57	9/8/13 23:05	CompletedSuccess
SN1SRPUTLXI06_EXP_TelemetryViewV5Errors	SN1SRPUTLXI06	EXP_TelemetryViewV5Errors	f3436158-25b5-4f85-9f12-baaa94e1d802	9/8/13 23:00	9/8/13 23:03	9/8/13 23:06	CompletedSuccess
SN1SRPUTLAI07_Featurizer_Ip_Infrastructure_Safety	SN1SRPUTLAI07	Featurizer_Ip_Infrastructure_Safety	e4f8bb4a-bf88-4ed9-9cef-e64b4527ccd7	9/8/13 23:02	9/8/13 23:05	9/9/13 0:35	CompletedSuccess
SN1SRPUTLAI07_INT_Report_UrlBlock	SN1SRPUTLAI07	INT_Report_UrlBlock	64fac902-c35c-4bbb-a48f-b768a66dd10c	9/8/13 23:05	9/8/13 23:06	9/8/13 23:07	CompletedSuccess
SN1SRPUTLAI07_INT_PullTheWebZip	SN1SRPUTLAI07	INT_PullTheWebZip	db1023ed-8152-4c8f-aa9e-4c6a019b210b	9/8/13 23:10	9/8/13 23:11	9/8/13 23:26	CompletedSuccess
SN1SRPUTLXI07_INC_PADMANR_GenerateWindowsStoreMHHourlyStream	SN1SRPUTLXI07	INC_PADMANR_GenerateWindowsStoreMHHourlyStream	5e6e738a-84f8-4076-9293-0603c648b834	9/8/13 23:11	9/8/13 23:12	9/8/13 23:14	CompletedSuccess
SN1SRPUTLAI06_INT_MH_RE_retry_VIEW	SN1SRPUTLAI06	INT_MH_RE_retry_VIEW	6d83e99f-7c4a-4674-bd20-73f1a6e1c51e	9/8/13 23:11	9/8/13 23:14	9/8/13 23:15	CompletedSuccess
SN1SRPUTLJI01_WWATelemetryV5Summarization	SN1SRPUTLJI01	WWATelemetryV5Summarization	237c12aa-dd65-4a1f-ad9d-a0355ec3aae1	9/8/13 23:15	9/8/13 23:16	9/8/13 23:32	CompletedSuccess
SN1SRPUTLAI07_INT_Report_MHV22stats	SN1SRPUTLAI07	INT_Report_MHV22stats	2fe3b9eb-8f26-469a-a1f7-7effc743d2f9	9/8/13 23:18	9/8/13 23:20	9/8/13 23:22	CompletedSuccess
SN1SRPUTLAI07_MalwareUrlBlockRelated	SN1SRPUTLAI07	MalwareUrlBlockRelated	de2d3704-5480-49bf-992c-8dcd15779416	9/8/13 23:24	9/8/13 23:24	9/8/13 23:32	CompletedSuccess
SN1SRPUTLAI06_ScomDataForFeaturization	SN1SRPUTLAI06	ScomDataForFeaturization	4a504aa9-f5c7-497f-8cb6-7227396058c1	9/8/13 23:25	9/8/13 23:25	9/8/13 23:28	CompletedSuccess
SN1SRPUTLXI06_EXP_UrsViewV5Errors	SN1SRPUTLXI06	EXP_UrsViewV5Errors	6b6d3fdb-dc19-44d3-8a27-d07118f3d49d	9/8/13 23:30	9/8/13 23:31	9/8/13 23:32	CompletedSuccess
SN1SRPUTLAI07_INT_MH_RE_retry_VIEW	SN1SRPUTLAI07	INT_MH_RE_retry_VIEW	605539af-373a-498c-ac81-82054f355471	9/8/13 23:32	9/8/13 23:33	9/8/13 23:35	CompletedSuccess
CO1SRPUTLDI05_RAPUrlExtractor	CO1SRPUTLDI05	RAPUrlExtractor	03d8b03c-348b-4386-be33-18371b133629	9/8/13 23:35	9/8/13 23:36	9/8/13 23:41	CompletedSuccess
SN1SRPUTLXI05_EXP_FSSEventLogsReports	SN1SRPUTLXI05	EXP_FSSEventLogsReports	ca2458fa-9a9b-44e2-a938-330d462f25d4	9/8/13 23:36	9/8/13 23:37	9/8/13 23:40	CompletedSuccess
SN1SRPUTLAI07_INT_Report_UrlBlock	SN1SRPUTLAI07	INT_Report_UrlBlock	ee4f3ea8-d62b-49b6-ad3b-5155de868fc5	9/8/13 23:36	9/8/13 23:37	9/8/13 23:38	CompletedSuccess
CO1SRPUTLDI04_JMRUrlExtractor	CO1SRPUTLDI04	JMRUrlExtractor	154d964c-c8eb-42d1-94b8-2c39e7b85708	9/8/13 23:39	9/8/13 23:40	9/8/13 23:47	CompletedSuccess
SN1SRPUTLXI07_INC_PADMANR_DeletesV2	SN1SRPUTLXI07	INC_PADMANR_DeletesV2	a3b0ce98-2870-4e51-bed8-d4748d79f890	9/8/13 23:39	9/8/13 23:41	9/8/13 23:51	CompletedSuccess
SN1SRPUTLXI05_EXP_MHViewErrors	SN1SRPUTLXI05	EXP_MHViewErrors	ec51f7d7-4a3d-4073-aee7-a737137d7b2a	9/8/13 23:43	9/8/13 23:43	9/8/13 23:45	CompletedSuccess
SN1SRPUTLXI07_INC_PADMANR_MuesMalware	SN1SRPUTLXI07	INC_PADMANR_MuesMalware	62c2d822-4106-4368-b158-3c0f5a6f2388	9/8/13 23:48	9/8/13 23:51	9/9/13 0:10	CompletedFailure
SN1SRPUTLAI06_MalwareUrlBlockRelated	SN1SRPUTLAI06	MalwareUrlBlockRelated	f8a40b36-0a80-4366-bd83-4ccafc4460dd	9/8/13 23:50	9/8/13 23:50	9/8/13 23:59	CompletedSuccess
SN1SRPUTLAI10_ScomDataForFeaturization	SN1SRPUTLAI10	ScomDataForFeaturization	1e5cd91d-d1de-45a7-bda1-28e72497f21d	9/8/13 23:55	9/8/13 23:56	9/8/13 23:58	CompletedSuccess
SN1SRPUTLAI07_Report_MHV21stats	SN1SRPUTLAI07	Report_MHV21stats	2e522448-e0d4-41a3-b22f-882ba0ca479f	9/8/13 23:57	9/8/13 23:58	9/9/13 0:01	CompletedSuccess
